Workbook

Sheet Beosztás
A1: Tevékenység | B1: útmutató | T1: =IF(AZ8="január","2026.01.01",IF(AZ8="február","2026.02.01",IF(AZ8="március","2026.03.01",IF(AZ8="április","2026.04.01",IF(AZ8="május","2026.05.01",IF(AZ8="június","2026.06.01",IF(AZ8="július","2026.07.01",IF(AZ8="augusztus","2026.08.01",IF(AZ8="szeptember","2026.09.01",IF(AZ8="október","2026.10.01",IF(AZ8="november","2026.11.01",IF(AZ8="december","2026.12.01","")))))))))))) -> 2026.03.01 | U1: =T1+1 -> 46083 | V1: =U1+1 -> 46084 | W1: =V1+1 -> 46085 | X1: =W1+1 -> 46086 | Y1: =X1+1 -> 46087 | Z1: =Y1+1 -> 46088 | AA1: =Z1+1 -> 46089 | AB1: =AA1+1 -> 46090 | ... AX1: =AW1+1 -> 46112
T2: =WEEKDAY(T1) -> 1 | U2: =WEEKDAY(U1) -> 2 | V2: =WEEKDAY(V1) -> 3 | W2: =WEEKDAY(W1) -> 4 | X2: =WEEKDAY(X1) -> 5 | Y2: =WEEKDAY(Y1) -> 6 | Z2: =WEEKDAY(Z1) -> 7 | AA2: =WEEKDAY(AA1) -> 1 | ... AX2: =WEEKDAY(AX1) -> 3
T3: =IF(T2=1,"Vasárnap",IF(T2=2,"Hétfő",IF(T2=3,"Kedd",IF(T2=4,"Szerda",IF(T2=5,"Csütörtök",IF(T2=6,"Péntek",IF(T2=7,"Szombat",""))))))) -> Vasárnap | U3: =IF(U2=1,"Vasárnap",IF(U2=2,"Hétfő",IF(U2=3,"Kedd",IF(U2=4,"Szerda",IF(U2=5,"Csütörtök",IF(U2=6,"Péntek",IF(U2=7,"Szombat",""))))))) -> Hétfő | V3: =IF(V2=1,"Vasárnap",IF(V2=2,"Hétfő",IF(V2=3,"Kedd",IF(V2=4,"Szerda",IF(V2=5,"Csütörtök",IF(V2=6,"Péntek",IF(V2=7,"Szombat",""))))))) -> Kedd | W3: =IF(W2=1,"Vasárnap",IF(W2=2,"Hétfő",IF(W2=3,"Kedd",IF(W2=4,"Szerda",IF(W2=5,"Csütörtök",IF(W2=6,"Péntek",IF(W2=7,"Szombat",""))))))) -> Szerda | X3: =IF(X2=1,"Vasárnap",IF(X2=2,"Hétfő",IF(X2=3,"Kedd",IF(X2=4,"Szerda",IF(X2=5,"Csütörtök",IF(X2=6,"Péntek",IF(X2=7,"Szombat",""))))))) -> Csütörtök | Y3: =IF(Y2=1,"Vasárnap",IF(Y2=2,"Hétfő",IF(Y2=3,"Kedd",IF(Y2=4,"Szerda",IF(Y2=5,"Csütörtök",IF(Y2=6,"Péntek",IF(Y2=7,"Szombat",""))))))) -> Péntek | Z3: =IF(Z2=1,"Vasárnap",IF(Z2=2,"Hétfő",IF(Z2=3,"Kedd",IF(Z2=4,"Szerda",IF(Z2=5,"Csütörtök",IF(Z2=6,"Péntek",IF(Z2=7,"Szombat",""))))))) -> Szombat | AA3: =IF(AA2=1,"Vasárnap",IF(AA2=2,"Hétfő",IF(AA2=3,"Kedd",IF(AA2=4,"Szerda",IF(AA2=5,"Csütörtök",IF(AA2=6,"Péntek",IF(AA2=7,"Szombat",""))))))) -> Vasárnap | ... AX3: =IF(AX2=1,"Vasárnap",IF(AX2=2,"Hétfő",IF(AX2=3,"Kedd",IF(AX2=4,"Szerda",IF(AX2=5,"Csütörtök",IF(AX2=6,"Péntek",IF(AX2=7,"Szombat",""))))))) -> Kedd
A4: Angol levelezés | B4: A táblázat használata néhány lépésben: 1 Amennyiben szeretnél több infót a kollégákról a útmutató felett elhelyezett + gombbal tudod megtenni, 2, minden csoportvezető a saját fülén tudja kezelni a kollégák beosztását, 3 tevékenységenként is látható összesítő tábla az egyszerűbb átláthatóság érdekében | T4: =COUNTIF(T$43:T$388,$A4) -> 0 | U4: =COUNTIF(U$43:U$388,$A4) -> 1 | V4: =COUNTIF(V$43:V$388,$A4) -> 1 | W4: =COUNTIF(W$43:W$388,$A4) -> 1 | X4: =COUNTIF(X$43:X$388,$A4) -> 1 | Y4: =COUNTIF(Y$43:Y$388,$A4) -> 1 | Z4: =COUNTIF(Z$43:Z$388,$A4) -> 0 | AA4: =COUNTIF(AA$43:AA$388,$A4) -> 0 | ... AX4: =COUNTIF(AX$43:AX$388,$A4) -> 1
A5: angol SOS | T5: =COUNTIF(T$43:T$388,$A5) -> 0 | U5: =COUNTIF(U$43:U$388,$A5) -> 0 | V5: =COUNTIF(V$43:V$388,$A5) -> 0 | W5: =COUNTIF(W$43:W$388,$A5) -> 0 | X5: =COUNTIF(X$43:X$388,$A5) -> 0 | Y5: =COUNTIF(Y$43:Y$388,$A5) -> 0 | Z5: =COUNTIF(Z$43:Z$388,$A5) -> 0 | AA5: =COUNTIF(AA$43:AA$388,$A5) -> 0 | ... AX5: =COUNTIF(AX$43:AX$388,$A5) -> 0
A6: Magyar SOS | T6: =COUNTIF(T$43:T$388,$A6) -> 0 | U6: =COUNTIF(U$43:U$388,$A6) -> 0 | V6: =COUNTIF(V$43:V$388,$A6) -> 0 | W6: =COUNTIF(W$43:W$388,$A6) -> 0 | X6: =COUNTIF(X$43:X$388,$A6) -> 0 | Y6: =COUNTIF(Y$43:Y$388,$A6) -> 0 | Z6: =COUNTIF(Z$43:Z$388,$A6) -> 0 | AA6: =COUNTIF(AA$43:AA$388,$A6) -> 0 | ... AX6: =COUNTIF(AX$43:AX$388,$A6) -> 0
A7: Betanítás | T7: =COUNTIF(T$43:T$388,$A7) -> 0 | U7: =COUNTIF(U$43:U$388,$A7) -> 0 | V7: =COUNTIF(V$43:V$388,$A7) -> 0 | W7: =COUNTIF(W$43:W$388,$A7) -> 0 | X7: =COUNTIF(X$43:X$388,$A7) -> 0 | Y7: =COUNTIF(Y$43:Y$388,$A7) -> 0 | Z7: =COUNTIF(Z$43:Z$388,$A7) -> 0 | AA7: =COUNTIF(AA$43:AA$388,$A7) -> 0 | ... AX7: =COUNTIF(AX$43:AX$388,$A7) -> 0
A8: Betanulás | T8: =COUNTIF(T$43:T$388,$A8) -> 0 | U8: =COUNTIF(U$43:U$388,$A8) -> 0 | V8: =COUNTIF(V$43:V$388,$A8) -> 0 | W8: =COUNTIF(W$43:W$388,$A8) -> 0 | X8: =COUNTIF(X$43:X$388,$A8) -> 0 | Y8: =COUNTIF(Y$43:Y$388,$A8) -> 0 | Z8: =COUNTIF(Z$43:Z$388,$A8) -> 0 | AA8: =COUNTIF(AA$43:AA$388,$A8) -> 0 | ... AX8: =COUNTIF(AX$43:AX$388,$A8) -> 0 | AZ8: március
A9: CC | T9: =COUNTIF(T$43:T$388,$A9) -> 0 | U9: =COUNTIF(U$43:U$423,$A9) -> 0 | V9: =COUNTIF(V$43:V$388,$A9) -> 0 | W9: =COUNTIF(W$43:W$388,$A9) -> 0 | X9: =COUNTIF(X$43:X$388,$A9) -> 0 | Y9: =COUNTIF(Y$43:Y$388,$A9) -> 0 | Z9: =COUNTIF(Z$43:Z$388,$A9) -> 0 | AA9: =COUNTIF(AA$43:AA$388,$A9) -> 0 | AB9: =COUNTIF(AB$43:AB$388,$A9) -> 0 | AC9: =COUNTIF(AC$43:AC$388,$A9) -> 0 | ... AX9: =COUNTIF(AX$43:AX$388,$A9) -> 0
A10: CC angol | T10: =COUNTIF(T$43:T$388,$A10) -> 0 | U10: =COUNTIF(U$43:U$388,$A10) -> 0 | V10: =COUNTIF(V$43:V$388,$A10) -> 0 | W10: =COUNTIF(W$43:W$388,$A10) -> 0 | X10: =COUNTIF(X$43:X$388,$A10) -> 0 | Y10: =COUNTIF(Y$43:Y$388,$A10) -> 0 | Z10: =COUNTIF(Z$43:Z$388,$A10) -> 0 | AA10: =COUNTIF(AA$43:AA$388,$A10) -> 0 | ... AX10: =COUNTIF(AX$43:AX$388,$A10) -> 0
A11: CC német | T11: =COUNTIF(T$43:T$388,$A11) -> 0 | U11: =COUNTIF(U$43:U$388,$A11) -> 0 | V11: =COUNTIF(V$43:V$388,$A11) -> 0 | W11: =COUNTIF(W$43:W$388,$A11) -> 0 | X11: =COUNTIF(X$43:X$388,$A11) -> 0 | Y11: =COUNTIF(Y$43:Y$388,$A11) -> 0 | Z11: =COUNTIF(Z$43:Z$388,$A11) -> 0 | AA11: =COUNTIF(AA$43:AA$388,$A11) -> 0 | ... AX11: =COUNTIF(AX$43:AX$388,$A11) -> 0
A12: CC NM | T12: =COUNTIF(T$43:T$388,$A12) -> 0 | U12: =COUNTIF(U$43:U$388,$A12) -> 0 | V12: =COUNTIF(V$43:V$388,$A12) -> 0 | W12: =COUNTIF(W$43:W$388,$A12) -> 0 | X12: =COUNTIF(X$43:X$388,$A12) -> 0 | Y12: =COUNTIF(Y$43:Y$388,$A12) -> 0 | Z12: =COUNTIF(Z$43:Z$388,$A12) -> 0 | AA12: =COUNTIF(AA$43:AA$388,$A12) -> 0 | ... AX12: =COUNTIF(AX$43:AX$388,$A12) -> 0
A13: e-csoportos | T13: =COUNTIF(T$43:T$388,$A13) -> 0 | U13: =COUNTIF(U$43:U$388,$A13) -> 0 | V13: =COUNTIF(V$43:V$388,$A13) -> 0 | W13: =COUNTIF(W$43:W$388,$A13) -> 0 | X13: =COUNTIF(X$43:X$388,$A13) -> 0 | Y13: =COUNTIF(Y$43:Y$388,$A13) -> 0 | Z13: =COUNTIF(Z$43:Z$388,$A13) -> 0 | AA13: =COUNTIF(AA$43:AA$388,$A13) -> 0 | ... AX13: =COUNTIF(AX$43:AX$388,$A13) -> 0
A14: Egyéb ügyintézés | T14: =COUNTIF(T$43:T$388,$A14) -> 0 | U14: =COUNTIF(U$43:U$388,$A14) -> 0 | V14: =COUNTIF(V$43:V$388,$A14) -> 0 | W14: =COUNTIF(W$43:W$388,$A14) -> 0 | X14: =COUNTIF(X$43:X$388,$A14) -> 0 | Y14: =COUNTIF(Y$43:Y$388,$A14) -> 0 | Z14: =COUNTIF(Z$43:Z$388,$A14) -> 0 | AA14: =COUNTIF(AA$43:AA$388,$A14) -> 0 | ... AX14: =COUNTIF(AX$43:AX$388,$A14) -> 0
A15: E-ÜSZI | T15: =COUNTIF(T$43:T$388,$A15) -> 0 | U15: =COUNTIF(U$43:U$388,$A15) -> 1 | V15: =COUNTIF(V$43:V$388,$A15) -> 1 | W15: =COUNTIF(W$43:W$388,$A15) -> 1 | X15: =COUNTIF(X$43:X$388,$A15) -> 1 | Y15: =COUNTIF(Y$43:Y$388,$A15) -> 1 | Z15: =COUNTIF(Z$43:Z$388,$A15) -> 0 | AA15: =COUNTIF(AA$43:AA$388,$A15) -> 0 | ... AX15: =COUNTIF(AX$43:AX$388,$A15) -> 1
A16: HUGO | T16: =COUNTIF(T$43:T$388,$A16) -> 0 | U16: =COUNTIF(U$43:U$388,$A16) -> 2 | V16: =COUNTIF(V$43:V$388,$A16) -> 2 | W16: =COUNTIF(W$43:W$388,$A16) -> 2 | X16: =COUNTIF(X$43:X$388,$A16) -> 2 | Y16: =COUNTIF(Y$43:Y$388,$A16) -> 2 | Z16: =COUNTIF(Z$43:Z$388,$A16) -> 0 | AA16: =COUNTIF(AA$43:AA$388,$A16) -> 0 | ... AX16: =COUNTIF(AX$43:AX$388,$A16) -> 1
A17: HUGO (@) | T17: =COUNTIF(T$43:T$388,$A17) -> 0 | U17: =COUNTIF(U$43:U$388,$A17) -> 1 | V17: =COUNTIF(V$43:V$388,$A17) -> 1 | W17: =COUNTIF(W$43:W$388,$A17) -> 1 | X17: =COUNTIF(X$43:X$388,$A17) -> 1 | Y17: =COUNTIF(Y$43:Y$388,$A17) -> 1 | Z17: =COUNTIF(Z$43:Z$388,$A17) -> 0 | AA17: =COUNTIF(AA$43:AA$388,$A17) -> 0 | ... AX17: =COUNTIF(AX$43:AX$388,$A17) -> 1
A18: Iktatás | T18: =COUNTIF(T$43:T$423,$A18) -> 0 | U18: =COUNTIF(U$43:U$423,$A18) -> 0 | V18: =COUNTIF(V$43:V$423,$A18) -> 0 | W18: =COUNTIF(W$43:W$423,$A18) -> 0 | X18: =COUNTIF(X$43:X$423,$A18) -> 0 | Y18: =COUNTIF(Y$43:Y$423,$A18) -> 1 | Z18: =COUNTIF(Z$43:Z$423,$A18) -> 0 | AA18: =COUNTIF(AA$43:AA$423,$A18) -> 0 | ... AX18: =COUNTIF(AX$43:AX$423,$A18) -> 0
A19: Jelölő (@) | T19: =COUNTIF(T$43:T$388,$A19) -> 0 | U19: =COUNTIF(U$43:U$388,$A19) -> 0 | V19: =COUNTIF(V$43:V$388,$A19) -> 0 | W19: =COUNTIF(W$43:W$388,$A19) -> 0 | X19: =COUNTIF(X$43:X$388,$A19) -> 0 | Y19: =COUNTIF(Y$43:Y$388,$A19) -> 0 | Z19: =COUNTIF(Z$43:Z$388,$A19) -> 0 | AA19: =COUNTIF(AA$43:AA$388,$A19) -> 0 | ... AX19: =COUNTIF(AX$43:AX$388,$A19) -> 0
A20: Jogsegély levelezés | T20: =COUNTIF(T$43:T$388,$A20) -> 0 | U20: =COUNTIF(U$43:U$388,$A20) -> 3 | V20: =COUNTIF(V$43:V$388,$A20) -> 2 | W20: =COUNTIF(W$43:W$388,$A20) -> 3 | X20: =COUNTIF(X$43:X$388,$A20) -> 2 | Y20: =COUNTIF(Y$43:Y$388,$A20) -> 3 | Z20: =COUNTIF(Z$43:Z$388,$A20) -> 0 | AA20: =COUNTIF(AA$43:AA$388,$A20) -> 0 | ... AX20: =COUNTIF(AX$43:AX$388,$A20) -> 2
A21: Jogsegély szignálás | T21: =COUNTIF(T$43:T$388,$A21) -> 0 | U21: =COUNTIF(U$43:U$388,$A21) -> 1 | V21: =COUNTIF(V$43:V$388,$A21) -> 1 | W21: =COUNTIF(W$43:W$388,$A21) -> 1 | X21: =COUNTIF(X$43:X$388,$A21) -> 1 | Y21: =COUNTIF(Y$43:Y$388,$A21) -> 0 | Z21: =COUNTIF(Z$43:Z$388,$A21) -> 0 | AA21: =COUNTIF(AA$43:AA$388,$A21) -> 0 | ... AX21: =COUNTIF(AX$43:AX$388,$A21) -> 1
A22: KPLLC ügyintézés | T22: =COUNTIF(T$43:T$388,$A22) -> 0 | U22: =COUNTIF(U$43:U$388,$A22) -> 0 | V22: =COUNTIF(V$43:V$388,$A22) -> 0 | W22: =COUNTIF(W$43:W$388,$A22) -> 0 | X22: =COUNTIF(X$43:X$388,$A22) -> 0 | Y22: =COUNTIF(Y$43:Y$388,$A22) -> 0 | Z22: =COUNTIF(Z$43:Z$388,$A22) -> 0 | AA22: =COUNTIF(AA$43:AA$388,$A22) -> 0 | ... AX22: =COUNTIF(AX$43:AX$388,$A22) -> 0
A23: Külföldi irodák | T23: =COUNTIF(T$43:T$388,$A23) -> 0 | U23: =COUNTIF(U$43:U$388,$A23) -> 4 | V23: =COUNTIF(V$43:V$388,$A23) -> 4 | W23: =COUNTIF(W$43:W$388,$A23) -> 4 | X23: =COUNTIF(X$43:X$388,$A23) -> 4 | Y23: =COUNTIF(Y$43:Y$388,$A23) -> 4 | Z23: =COUNTIF(Z$43:Z$388,$A23) -> 0 | AA23: =COUNTIF(AA$43:AA$388,$A23) -> 0 | ... AX23: =COUNTIF(AX$43:AX$388,$A23) -> 4
A24: Levelezés EM | T24: =COUNTIF(T$43:T$388,$A24) -> 0 | U24: =COUNTIF(U$43:U$388,$A24) -> 1 | V24: =COUNTIF(V$43:V$388,$A24) -> 2 | W24: =COUNTIF(W$43:W$388,$A24) -> 2 | X24: =COUNTIF(X$43:X$388,$A24) -> 3 | Y24: =COUNTIF(Y$43:Y$388,$A24) -> 0 | Z24: =COUNTIF(Z$43:Z$388,$A24) -> 0 | AA24: =COUNTIF(AA$43:AA$388,$A24) -> 0 | ... AX24: =COUNTIF(AX$43:AX$388,$A24) -> 3
A25: ÜSZI + Levelezés | T25: =COUNTIF(T$43:T$388,$A25) -> 0 | U25: =COUNTIF(U$43:U$388,$A25) -> 0 | V25: =COUNTIF(V$43:V$388,$A25) -> 0 | W25: =COUNTIF(W$43:W$388,$A25) -> 0 | X25: =COUNTIF(X$43:X$388,$A25) -> 0 | Y25: =COUNTIF(Y$43:Y$388,$A25) -> 0 | Z25: =COUNTIF(Z$43:Z$388,$A25) -> 0 | AA25: =COUNTIF(AA$43:AA$388,$A25) -> 0 | ... AX25: =COUNTIF(AX$43:AX$388,$A25) -> 0
A26: Levélírás | T26: =COUNTIF(T$43:T$423,$A26) -> 0 | U26: =COUNTIF(U$43:U$423,$A26) -> 16 | V26: =COUNTIF(V$43:V$423,$A26) -> 18 | W26: =COUNTIF(W$43:W$423,$A26) -> 15 | X26: =COUNTIF(X$43:X$423,$A26) -> 15 | Y26: =COUNTIF(Y$43:Y$423,$A26) -> 16 | Z26: =COUNTIF(Z$43:Z$423,$A26) -> 0 | AA26: =COUNTIF(AA$43:AA$423,$A26) -> 0 | ... AX26: =COUNTIF(AX$43:AX$423,$A26) -> 17
A27: Panaszkezelés | T27: =COUNTIF(T$43:T$388,$A27) -> 0 | U27: =COUNTIF(U$43:U$388,$A27) -> 0 | V27: =COUNTIF(V$43:V$388,$A27) -> 0 | W27: =COUNTIF(W$43:W$388,$A27) -> 0 | X27: =COUNTIF(X$43:X$388,$A27) -> 0 | Y27: =COUNTIF(Y$43:Y$388,$A27) -> 0 | Z27: =COUNTIF(Z$43:Z$388,$A27) -> 0 | AA27: =COUNTIF(AA$43:AA$388,$A27) -> 0 | ... AX27: =COUNTIF(AX$43:AX$388,$A27) -> 0
A28: Tesztelés | T28: =COUNTIF(T$43:T$388,$A28) -> 0 | U28: =COUNTIF(U$43:U$388,$A28) -> 0 | V28: =COUNTIF(V$43:V$388,$A28) -> 0 | W28: =COUNTIF(W$43:W$388,$A28) -> 0 | X28: =COUNTIF(X$43:X$388,$A28) -> 0 | Y28: =COUNTIF(Y$43:Y$388,$A28) -> 0 | Z28: =COUNTIF(Z$43:Z$388,$A28) -> 0 | AA28: =COUNTIF(AA$43:AA$388,$A28) -> 0 | ... AX28: =COUNTIF(AX$43:AX$388,$A28) -> 0
A29: ÜSZI | T29: =COUNTIF(T$43:T$388,$A29) -> 0 | U29: =COUNTIF(U$43:U$388,$A29) -> 22 | V29: =COUNTIF(V$43:V$388,$A29) -> 22 | W29: =COUNTIF(W$43:W$388,$A29) -> 23 | X29: =COUNTIF(X$43:X$388,$A29) -> 23 | Y29: =COUNTIF(Y$43:Y$388,$A29) -> 23 | Z29: =COUNTIF(Z$43:Z$388,$A29) -> 0 | AA29: =COUNTIF(AA$43:AA$388,$A29) -> 0 | ... AX29: =COUNTIF(AX$43:AX$388,$A29) -> 21
A30: Video | T30: =COUNTIF(T$43:T$388,$A30)+COUNTIF(T$43:T$388,Admin_legördülő!$B29)+COUNTIF(T$43:T$388,Admin_legördülő!$B30) -> 0 | U30: =COUNTIF(U$43:U$388,$A30)+COUNTIF(U$43:U$388,Admin_legördülő!$B29)+COUNTIF(U$43:U$388,Admin_legördülő!$B30) -> 12 | V30: =COUNTIF(V$43:V$388,$A30)+COUNTIF(V$43:V$388,Admin_legördülő!$B29)+COUNTIF(V$43:V$388,Admin_legördülő!$B30) -> 12 | W30: =COUNTIF(W$43:W$388,$A30)+COUNTIF(W$43:W$388,Admin_legördülő!$B29)+COUNTIF(W$43:W$388,Admin_legördülő!$B30) -> 12 | X30: =COUNTIF(X$43:X$388,$A30)+COUNTIF(X$43:X$388,Admin_legördülő!$B29)+COUNTIF(X$43:X$388,Admin_legördülő!$B30) -> 12 | Y30: =COUNTIF(Y$43:Y$388,$A30)+COUNTIF(Y$43:Y$388,Admin_legördülő!$B29)+COUNTIF(Y$43:Y$388,Admin_legördülő!$B30) -> 10 | Z30: =COUNTIF(Z$43:Z$388,$A30)+COUNTIF(Z$43:Z$388,Admin_legördülő!$B29)+COUNTIF(Z$43:Z$388,Admin_legördülő!$B30) -> 0 | AA30: =COUNTIF(AA$43:AA$388,$A30)+COUNTIF(AA$43:AA$388,Admin_legördülő!$B29)+COUNTIF(AA$43:AA$388,Admin_legördülő!$B30) -> 0 | ... AI30: =COUNTIF(AI$43:AI$388,$A30)+COUNTIF(AI$43:AI$388,Admin_legördülő!$B29)+COUNTIF(AI$43:AI$388,Admin_legördülő!$B30) -> 14 | AJ30: =COUNTIF(AJ$43:AJ$388,$A30) -> 0 | AK30: =COUNTIF(AK$43:AK$388,$A30)+COUNTIF(AK$43:AK$388,Admin_legördülő!$B29)+COUNTIF(AK$43:AK$388,Admin_legördülő!$B30) -> 14 | AL30: =COUNTIF(AL$43:AL$388,$A30)+COUNTIF(AL$43:AL$388,Admin_legördülő!$B29)+COUNTIF(AL$43:AL$388,Admin_legördülő!$B30) -> 14 | AM30: =COUNTIF(AM$43:AM$388,$A30)+COUNTIF(AM$43:AM$388,Admin_legördülő!$B29)+COUNTIF(AM$43:AM$388,Admin_legördülő!$B30) -> 14 | AN30: =COUNTIF(AN$43:AN$388,$A30)+COUNTIF(AN$43:AN$388,Admin_legördülő!$B29)+COUNTIF(AN$43:AN$388,Admin_legördülő!$B30) -> 0 | AO30: =COUNTIF(AO$43:AO$388,$A30)+COUNTIF(AO$43:AO$388,Admin_legördülő!$B29)+COUNTIF(AO$43:AO$388,Admin_legördülő!$B30) -> 0 | AP30: =COUNTIF(AP$43:AP$388,$A30)+COUNTIF(AP$43:AP$388,Admin_legördülő!$B29)+COUNTIF(AP$43:AP$388,Admin_legördülő!$B30) -> 13 | AQ30: =COUNTIF(AQ$43:AQ$388,$A30)+COUNTIF(AQ$43:AQ$388,Admin_legördülő!$B29)+COUNTIF(AQ$43:AQ$388,Admin_legördülő!$B30) -> 13 | AR30: =COUNTIF(AR$43:AR$388,$A30)+COUNTIF(AR$43:AR$388,Admin_legördülő!$B29)+COUNTIF(AR$43:AR$388,Admin_legördülő!$B30) -> 13 | ... AX30: =COUNTIF(AX$43:AX$388,$A30)+COUNTIF(AX$43:AX$388,Admin_legördülő!$B29)+COUNTIF(AX$43:AX$388,Admin_legördülő!$B30) -> 12
A31: SZ | T31: =COUNTIF(T$43:T$388,$A31) -> 0 | U31: =COUNTIF(U$43:U$388,$A31) -> 3 | V31: =COUNTIF(V$43:V$388,$A31) -> 1 | W31: =COUNTIF(W$43:W$388,$A31) -> 2 | X31: =COUNTIF(X$43:X$388,$A31) -> 2 | Y31: =COUNTIF(Y$43:Y$388,$A31) -> 4 | Z31: =COUNTIF(Z$43:Z$388,$A31) -> 0 | AA31: =COUNTIF(AA$43:AA$388,$A31) -> 0 | ... AX31: =COUNTIF(AX$43:AX$388,$A31) -> 3
A32: P | T32: =COUNTIF(T$43:T$388,$A32) -> 11 | U32: =COUNTIF(U$43:U$388,$A32) -> 0 | V32: =COUNTIF(V$43:V$388,$A32) -> 0 | W32: =COUNTIF(W$43:W$388,$A32) -> 0 | X32: =COUNTIF(X$43:X$388,$A32) -> 0 | Y32: =COUNTIF(Y$43:Y$388,$A32) -> 0 | Z32: =COUNTIF(Z$43:Z$388,$A32) -> 11 | AA32: =COUNTIF(AA$43:AA$388,$A32) -> 11 | ... AX32: =COUNTIF(AX$43:AX$388,$A32) -> 0
A33: B | T33: =COUNTIF(T$43:T$388,$A33) -> 0 | U33: =COUNTIF(U$43:U$388,$A33) -> 3 | V33: =COUNTIF(V$43:V$388,$A33) -> 3 | W33: =COUNTIF(W$43:W$388,$A33) -> 3 | X33: =COUNTIF(X$43:X$388,$A33) -> 3 | Y33: =COUNTIF(Y$43:Y$388,$A33) -> 3 | Z33: =COUNTIF(Z$43:Z$388,$A33) -> 0 | AA33: =COUNTIF(AA$43:AA$388,$A33) -> 0 | ... AX33: =COUNTIF(AX$43:AX$388,$A33) -> 3
A34: Oktatás - külső | T34: =COUNTIF(T$43:T$388,$A34) -> 0 | U34: =COUNTIF(U$43:U$388,$A34) -> 0 | V34: =COUNTIF(V$43:V$388,$A34) -> 0 | W34: =COUNTIF(W$43:W$388,$A34) -> 0 | X34: =COUNTIF(X$43:X$388,$A34) -> 0 | Y34: =COUNTIF(Y$43:Y$388,$A34) -> 0 | Z34: =COUNTIF(Z$43:Z$388,$A34) -> 0 | AA34: =COUNTIF(AA$43:AA$388,$A34) -> 0 | ... AX34: =COUNTIF(AX$43:AX$388,$A34) -> 0
A35: Elismerések napja | T35: =COUNTIF(T$43:T$388,$A35) -> 0 | U35: =COUNTIF(U$43:U$388,$A35) -> 0 | V35: =COUNTIF(V$43:V$388,$A35) -> 0 | W35: =COUNTIF(W$43:W$388,$A35) -> 0 | X35: =COUNTIF(X$43:X$388,$A35) -> 0 | Y35: =COUNTIF(Y$43:Y$388,$A35) -> 0 | Z35: =COUNTIF(Z$43:Z$388,$A35) -> 0 | AA35: =COUNTIF(AA$43:AA$388,$A35) -> 0 | ... AX35: =COUNTIF(AX$43:AX$388,$A35) -> 0
A36: HIF - Levelezés | T36: =COUNTIF(T$43:T$397,$A36) -> 0 | U36: =COUNTIF(U$43:U$397,$A36) -> 0 | V36: =COUNTIF(V$43:V$397,$A36) -> 0 | W36: =COUNTIF(W$43:W$397,$A36) -> 0 | X36: =COUNTIF(X$43:X$397,$A36) -> 0 | Y36: =COUNTIF(Y$43:Y$397,$A36) -> 0 | Z36: =COUNTIF(Z$43:Z$397,$A36) -> 0 | AA36: =COUNTIF(AA$43:AA$388,$A36) -> 0 | AB36: =COUNTIF(AB$43:AB$397,$A36) -> 0 | AC36: =COUNTIF(AC$43:AC$397,$A36) -> 0 | AD36: =COUNTIF(AD$43:AD$397,$A36) -> 0 | AE36: =COUNTIF(AE$43:AE$397,$A36) -> 0 | AF36: =COUNTIF(AF$43:AF$397,$A36) -> 0 | AG36: =COUNTIF(AG$43:AG$397,$A36) -> 0 | AH36: =COUNTIF(AH$43:AH$397,$A36) -> 0 | AI36: =COUNTIF(AI$43:AI$423,$A36) -> 0 | AJ36: =COUNTIF(AJ$43:AJ$423,$A36) -> 0 | AK36: =COUNTIF(AK$43:AK$423,$A36) -> 0 | AL36: =COUNTIF(AL$43:AL$423,$A36) -> 0 | AM36: =COUNTIF(AM$43:AM$423,$A36) -> 0 | AN36: =COUNTIF(AN$43:AN$397,$A36) -> 0 | AO36: =COUNTIF(AO$43:AO$397,$A36) -> 0 | AP36: =COUNTIF(AP$43:AP$397,$A36) -> 0 | AQ36: =COUNTIF(AQ$43:AQ$397,$A36) -> 0 | AR36: =COUNTIF(AR$43:AR$397,$A36) -> 0 | AS36: =COUNTIF(AS$43:AS$397,$A36) -> 0 | AT36: =COUNTIF(AT$43:AT$397,$A36) -> 0 | AU36: =COUNTIF(AU$43:AU$397,$A36) -> 0 | AV36: =COUNTIF(AV$43:AV$397,$A36) -> 0 | AW36: =COUNTIF(AW$43:AW$423,$A36) -> 0 | AX36: =COUNTIF(AX$43:AX$423,$A36) -> 0
A37: HIF - Iktatás | T37: =COUNTIF(T$43:T$397,$A37) -> 0 | U37: =COUNTIF(U$43:U$397,$A37) -> 0 | V37: =COUNTIF(V$43:V$397,$A37) -> 0 | W37: =COUNTIF(W$43:W$397,$A37) -> 0 | X37: =COUNTIF(X$43:X$397,$A37) -> 0 | Y37: =COUNTIF(Y$43:Y$397,$A37) -> 0 | Z37: =COUNTIF(Z$43:Z$397,$A37) -> 0 | AB37: =COUNTIF(AB$43:AB$397,$A37) -> 0 | AC37: =COUNTIF(AC$43:AC$397,$A37) -> 0 | AD37: =COUNTIF(AD$43:AD$397,$A37) -> 0 | AE37: =COUNTIF(AE$43:AE$397,$A37) -> 0 | AF37: =COUNTIF(AF$43:AF$397,$A37) -> 0 | AG37: =COUNTIF(AG$43:AG$397,$A37) -> 0 | AH37: =COUNTIF(AH$43:AH$397,$A37) -> 0 | AI37: =COUNTIF(AI$43:AI$423,$A37) -> 0 | AJ37: =COUNTIF(AJ$43:AJ$423,$A37) -> 0 | AK37: =COUNTIF(AK$43:AK$423,$A37) -> 0 | AL37: =COUNTIF(AL$43:AL$423,$A37) -> 0 | AM37: =COUNTIF(AM$43:AM$423,$A37) -> 0 | AN37: =COUNTIF(AN$43:AN$397,$A37) -> 0 | AO37: =COUNTIF(AO$43:AO$397,$A37) -> 0 | AP37: =COUNTIF(AP$43:AP$397,$A37) -> 0 | AQ37: =COUNTIF(AQ$43:AQ$397,$A37) -> 0 | AR37: =COUNTIF(AR$43:AR$397,$A37) -> 0 | AS37: =COUNTIF(AS$43:AS$397,$A37) -> 0 | AT37: =COUNTIF(AT$43:AT$397,$A37) -> 0 | AU37: =COUNTIF(AU$43:AU$397,$A37) -> 0 | AV37: =COUNTIF(AV$43:AV$397,$A37) -> 0 | AW37: =COUNTIF(AW$43:AW$423,$A37) -> 0 | AX37: =COUNTIF(AX$43:AX$423,$A37) -> 0
A38: HIF - CC | T38: =COUNTIF(T$43:T$397,$A38) -> 0 | U38: =COUNTIF(U$43:U$397,$A38) -> 0 | V38: =COUNTIF(V$43:V$397,$A38) -> 0 | W38: =COUNTIF(W$43:W$397,$A38) -> 0 | X38: =COUNTIF(X$43:X$397,$A38) -> 0 | Y38: =COUNTIF(Y$43:Y$397,$A38) -> 0 | Z38: =COUNTIF(Z$43:Z$397,$A38) -> 0 | AA38: =COUNTIF(AA$43:AA$388,$A38) -> 0 | AB38: =COUNTIF(AB$43:AB$397,$A38) -> 0 | AC38: =COUNTIF(AC$43:AC$397,$A38) -> 0 | AD38: =COUNTIF(AD$43:AD$397,$A38) -> 0 | AE38: =COUNTIF(AE$43:AE$397,$A38) -> 0 | AF38: =COUNTIF(AF$43:AF$397,$A38) -> 0 | AG38: =COUNTIF(AG$43:AG$397,$A38) -> 0 | AH38: =COUNTIF(AH$43:AH$397,$A38) -> 0 | AI38: =COUNTIF(AI$43:AI$423,$A38) -> 0 | AJ38: =COUNTIF(AJ$43:AJ$423,$A38) -> 0 | AK38: =COUNTIF(AK$43:AK$423,$A38) -> 0 | AL38: =COUNTIF(AL$43:AL$423,$A38) -> 0 | AM38: =COUNTIF(AM$43:AM$423,$A38) -> 0 | AN38: =COUNTIF(AN$43:AN$397,$A38) -> 0 | AO38: =COUNTIF(AO$43:AO$397,$A38) -> 0 | AP38: =COUNTIF(AP$43:AP$397,$A38) -> 0 | AQ38: =COUNTIF(AQ$43:AQ$397,$A38) -> 0 | AR38: =COUNTIF(AR$43:AR$397,$A38) -> 0 | AS38: =COUNTIF(AS$43:AS$397,$A38) -> 0 | AT38: =COUNTIF(AT$43:AT$397,$A38) -> 0 | AU38: =COUNTIF(AU$43:AU$397,$A38) -> 0 | AV38: =COUNTIF(AV$43:AV$397,$A38) -> 0 | AW38: =COUNTIF(AW$43:AW$423,$A38) -> 0 | AX38: =COUNTIF(AX$43:AX$423,$A38) -> 0
A39: Nem dolgozik | T39: =SUM(T31:T33) -> 11 | U39: =SUM(U31:U33) -> 6 | V39: =SUM(V31:V33) -> 4 | W39: =SUM(W31:W33) -> 5 | X39: =SUM(X31:X33) -> 5 | Y39: =SUM(Y31:Y33) -> 7 | Z39: =SUM(Z31:Z33) -> 11 | AA39: =SUM(AA31:AA33) -> 11 | ... AX39: =SUM(AX31:AX33) -> 6
A41: Jóváhagyó
A42: Név | B42: Csop. Vez | C42: Terület | D42: Csoport | E42: Státusz | F42: Angol nyelv | G42: Német nyelv | H42: Személyes Üszi | I42: HD Levél | J42: UD levél | K42: Angol levél | L42: Jogsegély | M42: CC | N42: Video | O42: Belfölfi ügykezelés | P42: Külföldi ügykezelés | Q42: E-csoportos | R42: E-üszi | T42: =T1 -> 2026.03.01 | U42: =U1 -> 46083 | V42: =V1 -> 46084 | W42: =W1 -> 46085 | X42: =X1 -> 46086 | Y42: =Y1 -> 46087 | Z42: =Z1 -> 46088 | AA42: =AA1 -> 46089 | ... AX42: =AX1 -> 46112 | AY42: Összes ledolgozott Video/ÜSZI nap
A43: ='Budapesti csoport'!A5 -> Barna Emőke | B43: ='Budapesti csoport'!B5 -> SZÜTS KATALIN | C43: ='Budapesti csoport'!C5 -> M3 | D43: ='Budapesti csoport'!D5 -> Budapesti | E43: ='Budapesti csoport'!E5 -> aktív | F43: ='Budapesti csoport'!F5 -> nem | G43: ='Budapesti csoport'!G5 -> 0 | H43: ='Budapesti csoport'!H5 -> igen | ... R43: ='Budapesti csoport'!R5 -> 0 | T43: ='Budapesti csoport'!R5 -> 0 | U43: ='Budapesti csoport'!S5 -> Levélírás | V43: ='Budapesti csoport'!T5 -> Levélírás | W43: ='Budapesti csoport'!U5 -> Levélírás | X43: ='Budapesti csoport'!V5 -> Levélírás | Y43: ='Budapesti csoport'!W5 -> Levélírás | Z43: ='Budapesti csoport'!X5 -> 0 | AA43: ='Budapesti csoport'!Y5 -> 0 | ... AX43: ='Budapesti csoport'!AV5 -> Levélírás | AY43: =COUNTIF(T43:AX43,"video")+COUNTIF(T43:AX43,"ÜSZI")+COUNTIF(T43:AX43,"Video 8-16")+COUNTIF(T43:AX43,"Video 9-17")+COUNTIF(T43:AX43,"Video 10-18")+COUNTIF(T43:AX43,"ÜSZI + Levelezés") -> 8
A44: ='Budapesti csoport'!A6 -> Basa Istvánné | B44: ='Budapesti csoport'!B6 -> SZÜTS KATALIN | C44: ='Budapesti csoport'!C6 -> M3 | D44: ='Budapesti csoport'!D6 -> Budapesti | E44: ='Budapesti csoport'!E6 -> aktív | F44: ='Budapesti csoport'!F6 -> nem | G44: ='Budapesti csoport'!G6 -> 0 | H44: ='Budapesti csoport'!H6 -> igen | ... R44: ='Budapesti csoport'!R6 -> 0 | T44: ='Budapesti csoport'!R6 -> 0 | U44: ='Budapesti csoport'!S6 -> ÜSZI | V44: ='Budapesti csoport'!T6 -> ÜSZI | W44: ='Budapesti csoport'!U6 -> ÜSZI | X44: ='Budapesti csoport'!V6 -> ÜSZI | Y44: ='Budapesti csoport'!W6 -> ÜSZI | Z44: ='Budapesti csoport'!X6 -> 0 | AA44: ='Budapesti csoport'!Y6 -> 0 | ... AX44: ='Budapesti csoport'!AV6 -> ÜSZI | AY44: =COUNTIF(T44:AX44,"video")+COUNTIF(T44:AX44,"ÜSZI")+COUNTIF(T44:AX44,"Video 8-16")+COUNTIF(T44:AX44,"Video 9-17")+COUNTIF(T44:AX44,"Video 10-18")+COUNTIF(T44:AX44,"ÜSZI + Levelezés") -> 7
A45: ='Budapesti csoport'!A7 -> Bottyáni Vanda | B45: ='Budapesti csoport'!B7 -> SZÜTS KATALIN | C45: ='Budapesti csoport'!C7 -> M3 | D45: ='Budapesti csoport'!D7 -> Budapesti | E45: ='Budapesti csoport'!E7 -> aktív | F45: ='Budapesti csoport'!F7 -> nem | G45: ='Budapesti csoport'!G7 -> 0 | H45: ='Budapesti csoport'!H7 -> igen | ... R45: ='Budapesti csoport'!R7 -> 0 | T45: ='Budapesti csoport'!R7 -> 0 | U45: ='Budapesti csoport'!S7 -> Levélírás | V45: ='Budapesti csoport'!T7 -> Levélírás | W45: ='Budapesti csoport'!U7 -> Levélírás | X45: ='Budapesti csoport'!V7 -> Levélírás | Y45: ='Budapesti csoport'!W7 -> Levélírás | Z45: ='Budapesti csoport'!X7 -> 0 | AA45: ='Budapesti csoport'!Y7 -> 0 | ... AX45: ='Budapesti csoport'!AV7 -> ÜSZI | AY45: =COUNTIF(T45:AX45,"video")+COUNTIF(T45:AX45,"ÜSZI")+COUNTIF(T45:AX45,"Video 8-16")+COUNTIF(T45:AX45,"Video 9-17")+COUNTIF(T45:AX45,"Video 10-18")+COUNTIF(T45:AX45,"ÜSZI + Levelezés") -> 8
A46: ='Budapesti csoport'!A8 -> Egresiné Várhelyi Eszter Fanni | B46: ='Budapesti csoport'!B8 -> SZÜTS KATALIN | C46: ='Budapesti csoport'!C8 -> M3 | D46: ='Budapesti csoport'!D8 -> Budapesti | E46: ='Budapesti csoport'!E8 -> aktív | F46: ='Budapesti csoport'!F8 -> igen | G46: ='Budapesti csoport'!G8 -> 0 | H46: ='Budapesti csoport'!H8 -> igen | ... R46: ='Budapesti csoport'!R8 -> 0 | T46: ='Budapesti csoport'!R8 -> 0 | U46: ='Budapesti csoport'!S8 -> ÜSZI | V46: ='Budapesti csoport'!T8 -> ÜSZI | W46: ='Budapesti csoport'!U8 -> Levelezés EM | X46: ='Budapesti csoport'!V8 -> Levelezés EM | Y46: ='Budapesti csoport'!W8 -> ÜSZI | Z46: ='Budapesti csoport'!X8 -> 0 | AA46: ='Budapesti csoport'!Y8 -> 0 | ... AX46: ='Budapesti csoport'!AV8 -> Levélírás | AY46: =COUNTIF(T46:AX46,"video")+COUNTIF(T46:AX46,"ÜSZI")+COUNTIF(T46:AX46,"Video 8-16")+COUNTIF(T46:AX46,"Video 9-17")+COUNTIF(T46:AX46,"Video 10-18")+COUNTIF(T46:AX46,"ÜSZI + Levelezés") -> 10
A47: ='Budapesti csoport'!A9 -> Fejér Zsuzsanna | B47: ='Budapesti csoport'!B9 -> SZÜTS KATALIN | C47: ='Budapesti csoport'!C9 -> M3 | D47: ='Budapesti csoport'!D9 -> Budapesti | E47: ='Budapesti csoport'!E9 -> aktív | F47: ='Budapesti csoport'!F9 -> nem | G47: ='Budapesti csoport'!G9 -> 0 | H47: ='Budapesti csoport'!H9 -> igen | ... R47: ='Budapesti csoport'!R9 -> 0 | T47: ='Budapesti csoport'!R9 -> 0 | U47: ='Budapesti csoport'!S9 -> ÜSZI | V47: ='Budapesti csoport'!T9 -> ÜSZI | W47: ='Budapesti csoport'!U9 -> ÜSZI | X47: ='Budapesti csoport'!V9 -> ÜSZI | Y47: ='Budapesti csoport'!W9 -> ÜSZI | Z47: ='Budapesti csoport'!X9 -> 0 | AA47: ='Budapesti csoport'!Y9 -> 0 | ... AX47: ='Budapesti csoport'!AV9 -> ÜSZI | AY47: =COUNTIF(T47:AX47,"video")+COUNTIF(T47:AX47,"ÜSZI")+COUNTIF(T47:AX47,"Video 8-16")+COUNTIF(T47:AX47,"Video 9-17")+COUNTIF(T47:AX47,"Video 10-18")+COUNTIF(T47:AX47,"ÜSZI + Levelezés") -> 22
A48: ='Budapesti csoport'!A10 -> Horváth Julianna | B48: ='Budapesti csoport'!B10 -> SZÜTS KATALIN | C48: ='Budapesti csoport'!C10 -> M3 | D48: ='Budapesti csoport'!D10 -> Budapesti | E48: ='Budapesti csoport'!E10 -> aktív | F48: ='Budapesti csoport'!F10 -> nem | G48: ='Budapesti csoport'!G10 -> 0 | H48: ='Budapesti csoport'!H10 -> igen | ... R48: ='Budapesti csoport'!R10 -> 0 | T48: ='Budapesti csoport'!R10 -> 0 | U48: ='Budapesti csoport'!S10 -> ÜSZI | V48: ='Budapesti csoport'!T10 -> ÜSZI | W48: ='Budapesti csoport'!U10 -> ÜSZI | X48: ='Budapesti csoport'!V10 -> ÜSZI | Y48: ='Budapesti csoport'!W10 -> ÜSZI | Z48: ='Budapesti csoport'!X10 -> 0 | AA48: ='Budapesti csoport'!Y10 -> 0 | ... AX48: ='Budapesti csoport'!AV10 -> Levélírás | AY48: =COUNTIF(T48:AX48,"video")+COUNTIF(T48:AX48,"ÜSZI")+COUNTIF(T48:AX48,"Video 8-16")+COUNTIF(T48:AX48,"Video 9-17")+COUNTIF(T48:AX48,"Video 10-18")+COUNTIF(T48:AX48,"ÜSZI + Levelezés") -> 8
A49: ='Budapesti csoport'!A11 -> Horváth Tibor | B49: ='Budapesti csoport'!B11 -> SZÜTS KATALIN | C49: ='Budapesti csoport'!C11 -> M3 | D49: ='Budapesti csoport'!D11 -> Budapesti | E49: ='Budapesti csoport'!E11 -> aktív | F49: ='Budapesti csoport'!F11 -> nem | G49: ='Budapesti csoport'!G11 -> 0 | H49: ='Budapesti csoport'!H11 -> igen | ... R49: ='Budapesti csoport'!R11 -> 0 | T49: ='Budapesti csoport'!R11 -> 0 | U49: ='Budapesti csoport'!S11 -> ÜSZI | V49: ='Budapesti csoport'!T11 -> ÜSZI | W49: ='Budapesti csoport'!U11 -> ÜSZI | X49: ='Budapesti csoport'!V11 -> ÜSZI | Y49: ='Budapesti csoport'!W11 -> ÜSZI | Z49: ='Budapesti csoport'!X11 -> 0 | AA49: ='Budapesti csoport'!Y11 -> 0 | ... AX49: ='Budapesti csoport'!AV11 -> ÜSZI | AY49: =COUNTIF(T49:AX49,"video")+COUNTIF(T49:AX49,"ÜSZI")+COUNTIF(T49:AX49,"Video 8-16")+COUNTIF(T49:AX49,"Video 9-17")+COUNTIF(T49:AX49,"Video 10-18")+COUNTIF(T49:AX49,"ÜSZI + Levelezés") -> 22
A50: ='Budapesti csoport'!A12 -> Lukács Anna | B50: ='Budapesti csoport'!B12 -> SZÜTS KATALIN | C50: ='Budapesti csoport'!C12 -> M3 | D50: ='Budapesti csoport'!D12 -> Budapesti | E50: ='Budapesti csoport'!E12 -> aktív | F50: ='Budapesti csoport'!F12 -> igen | G50: ='Budapesti csoport'!G12 -> 0 | H50: ='Budapesti csoport'!H12 -> igen | ... R50: ='Budapesti csoport'!R12 -> 0 | T50: ='Budapesti csoport'!R12 -> 0 | U50: ='Budapesti csoport'!S12 -> Levélírás | V50: ='Budapesti csoport'!T12 -> Levélírás | W50: ='Budapesti csoport'!U12 -> ÜSZI | X50: ='Budapesti csoport'!V12 -> ÜSZI | Y50: ='Budapesti csoport'!W12 -> Levélírás | Z50: ='Budapesti csoport'!X12 -> 0 | AA50: ='Budapesti csoport'!Y12 -> 0 | ... AX50: ='Budapesti csoport'!AV12 -> Levélírás | AY50: =COUNTIF(T50:AX50,"video")+COUNTIF(T50:AX50,"ÜSZI")+COUNTIF(T50:AX50,"Video 8-16")+COUNTIF(T50:AX50,"Video 9-17")+COUNTIF(T50:AX50,"Video 10-18")+COUNTIF(T50:AX50,"ÜSZI + Levelezés") -> 8
A51: ='Budapesti csoport'!A13 -> Gregor Katalin | B51: ='Budapesti csoport'!B13 -> SZÜTS KATALIN | C51: ='Budapesti csoport'!C13 -> Dél-Pest | D51: ='Budapesti csoport'!D13 -> Budapesti | E51: ='Budapesti csoport'!E13 -> aktív | F51: ='Budapesti csoport'!F13 -> nem | G51: ='Budapesti csoport'!G13 -> 0 | H51: ='Budapesti csoport'!H13 -> igen | ... R51: ='Budapesti csoport'!R13 -> 0 | T51: ='Budapesti csoport'!R13 -> 0 | U51: ='Budapesti csoport'!S13 -> ÜSZI | V51: ='Budapesti csoport'!T13 -> ÜSZI | W51: ='Budapesti csoport'!U13 -> ÜSZI | X51: ='Budapesti csoport'!V13 -> ÜSZI | Y51: ='Budapesti csoport'!W13 -> ÜSZI | Z51: ='Budapesti csoport'!X13 -> 0 | AA51: ='Budapesti csoport'!Y13 -> 0 | ... AX51: ='Budapesti csoport'!AV13 -> ÜSZI | AY51: =COUNTIF(T51:AX51,"video")+COUNTIF(T51:AX51,"ÜSZI")+COUNTIF(T51:AX51,"Video 8-16")+COUNTIF(T51:AX51,"Video 9-17")+COUNTIF(T51:AX51,"Video 10-18")+COUNTIF(T51:AX51,"ÜSZI + Levelezés") -> 22
A52: ='Budapesti csoport'!A14 -> Mitjans Mónika | B52: ='Budapesti csoport'!B14 -> SZÜTS KATALIN | C52: ='Budapesti csoport'!C14 -> Dél-Pest | D52: ='Budapesti csoport'!D14 -> Budapesti | E52: ='Budapesti csoport'!E14 -> aktív | F52: ='Budapesti csoport'!F14 -> igen | G52: ='Budapesti csoport'!G14 -> 0 | H52: ='Budapesti csoport'!H14 -> igen | ... Q52: ='Budapesti csoport'!Q14 -> 0 | R52: ='Budapesti csoport'!R13 -> 0 | T52: ='Budapesti csoport'!R14 -> 0 | U52: ='Budapesti csoport'!S14 -> B | V52: ='Budapesti csoport'!T14 -> B | W52: ='Budapesti csoport'!U14 -> B | X52: ='Budapesti csoport'!V14 -> B | Y52: ='Budapesti csoport'!W14 -> B | Z52: ='Budapesti csoport'!X14 -> 0 | AA52: ='Budapesti csoport'!Y14 -> 0 | ... AX52: ='Budapesti csoport'!AV14 -> B | AY52: =COUNTIF(T52:AX52,"video")+COUNTIF(T52:AX52,"ÜSZI")+COUNTIF(T52:AX52,"Video 8-16")+COUNTIF(T52:AX52,"Video 9-17")+COUNTIF(T52:AX52,"Video 10-18")+COUNTIF(T52:AX52,"ÜSZI + Levelezés") -> 0
A53: ='Budapesti csoport'!A17 -> Németh-Szeghő Melinda | B53: ='Budapesti csoport'!B17 -> SZÜTS KATALIN | C53: ='Budapesti csoport'!C17 -> Újbuda | D53: ='Budapesti csoport'!D17 -> Budapesti | E53: ='Budapesti csoport'!E17 -> aktív | F53: ='Budapesti csoport'!F15 -> nem | G53: ='Budapesti csoport'!G15 -> 0 | H53: ='Budapesti csoport'!H15 -> igen | I53: ='Budapesti csoport'!I15 -> igen | J53: ='Budapesti csoport'!J15 -> nem | K53: ='Budapesti csoport'!K15 -> nem | L53: ='Budapesti csoport'!L15 -> nem | M53: ='Budapesti csoport'!M15 -> nem | ... R53: ='Budapesti csoport'!R15 -> 0 | T53: ='Budapesti csoport'!R17 -> 0 | U53: ='Budapesti csoport'!S15 -> ÜSZI | V53: ='Budapesti csoport'!T15 -> ÜSZI | W53: ='Budapesti csoport'!U15 -> ÜSZI | X53: ='Budapesti csoport'!V15 -> ÜSZI | Y53: ='Budapesti csoport'!W15 -> ÜSZI | Z53: ='Budapesti csoport'!X17 -> 0 | AA53: ='Budapesti csoport'!Y17 -> 0 | AB53: ='Budapesti csoport'!Z17 -> B | AC53: ='Budapesti csoport'!AA17 -> B | AD53: ='Budapesti csoport'!AB17 -> B | AE53: ='Budapesti csoport'!AC17 -> B | AF53: ='Budapesti csoport'!AD17 -> B | AG53: ='Budapesti csoport'!AE17 -> 0 | ... AX53: ='Budapesti csoport'!AV17 -> B | AY53: =COUNTIF(T53:AX53,"video")+COUNTIF(T53:AX53,"ÜSZI")+COUNTIF(T53:AX53,"Video 8-16")+COUNTIF(T53:AX53,"Video 9-17")+COUNTIF(T53:AX53,"Video 10-18")+COUNTIF(T53:AX53,"ÜSZI + Levelezés") -> 5
A54: ='Budapesti csoport'!A15 -> Szijártó Szintia | B54: ='Budapesti csoport'!B15 -> SZÜTS KATALIN | C54: ='Budapesti csoport'!C15 -> Dél-Pest | D54: ='Budapesti csoport'!D15 -> Budapesti | E54: ='Budapesti csoport'!E15 -> aktív | F54: ='Budapesti csoport'!F15 -> nem | G54: ='Budapesti csoport'!G15 -> 0 | H54: ='Budapesti csoport'!H15 -> igen | ... R54: ='Budapesti csoport'!R15 -> 0 | T54: ='Budapesti csoport'!R15 -> 0 | U54: ='Budapesti csoport'!S16 -> SZ | V54: ='Budapesti csoport'!T16 -> ÜSZI | W54: ='Budapesti csoport'!U16 -> ÜSZI | X54: ='Budapesti csoport'!V16 -> ÜSZI | Y54: ='Budapesti csoport'!W16 -> ÜSZI | Z54: ='Budapesti csoport'!X15 -> 0 | AA54: ='Budapesti csoport'!Y15 -> 0 | AB54: ='Budapesti csoport'!Z15 -> ÜSZI | AC54: ='Budapesti csoport'!AA15 -> ÜSZI | AD54: ='Budapesti csoport'!AB15 -> ÜSZI | AE54: ='Budapesti csoport'!AC15 -> ÜSZI | AF54: ='Budapesti csoport'!AD15 -> ÜSZI | AG54: ='Budapesti csoport'!AE15 -> 0 | ... AX54: ='Budapesti csoport'!AV15 -> ÜSZI | AY54: =COUNTIF(T54:AX54,"video")+COUNTIF(T54:AX54,"ÜSZI")+COUNTIF(T54:AX54,"Video 8-16")+COUNTIF(T54:AX54,"Video 9-17")+COUNTIF(T54:AX54,"Video 10-18")+COUNTIF(T54:AX54,"ÜSZI + Levelezés") -> 21
A55: ='Budapesti csoport'!A16 -> Ferenczik Szilvia | B55: ='Budapesti csoport'!B16 -> SZÜTS KATALIN | C55: ='Budapesti csoport'!C16 -> Újbuda | D55: ='Budapesti csoport'!D16 -> Budapesti | E55: ='Budapesti csoport'!E17 -> aktív | F55: ='Budapesti csoport'!F16 -> nem | G55: ='Budapesti csoport'!G16 -> 0 | H55: ='Budapesti csoport'!H16 -> igen | I55: ='Budapesti csoport'!I16 -> igen | J55: ='Budapesti csoport'!J16 -> nem | K55: ='Budapesti csoport'!K16 -> nem | L55: ='Budapesti csoport'!L16 -> nem | M55: ='Budapesti csoport'!M16 -> nem | ... Q55: ='Budapesti csoport'!Q16 -> 0 | R55: ='Budapesti csoport'!R15 -> 0 | T55: ='Budapesti csoport'!R16 -> 0 | U55: ='Budapesti csoport'!S17 -> B | V55: ='Budapesti csoport'!T17 -> B | W55: ='Budapesti csoport'!U17 -> B | X55: ='Budapesti csoport'!V17 -> B | Y55: ='Budapesti csoport'!W17 -> B | Z55: ='Budapesti csoport'!X16 -> 0 | AA55: ='Budapesti csoport'!Y16 -> 0 | AB55: ='Budapesti csoport'!Z16 -> ÜSZI | AC55: ='Budapesti csoport'!AA16 -> ÜSZI | AD55: ='Budapesti csoport'!AB16 -> ÜSZI | AE55: ='Budapesti csoport'!AC16 -> ÜSZI | AF55: ='Budapesti csoport'!AD16 -> ÜSZI | AG55: ='Budapesti csoport'!AE16 -> 0 | ... AX55: ='Budapesti csoport'!AV16 -> ÜSZI | AY55: =COUNTIF(T55:AX55,"video")+COUNTIF(T55:AX55,"ÜSZI")+COUNTIF(T55:AX55,"Video 8-16")+COUNTIF(T55:AX55,"Video 9-17")+COUNTIF(T55:AX55,"Video 10-18")+COUNTIF(T55:AX55,"ÜSZI + Levelezés") -> 17
A56: ='Budapesti csoport'!A18 -> Polányi Viktória | B56: ='Budapesti csoport'!B18 -> SZÜTS KATALIN | C56: ='Budapesti csoport'!C18 -> Újbuda | D56: ='Budapesti csoport'!D18 -> Budapesti | E56: ='Budapesti csoport'!E18 -> aktív | F56: ='Budapesti csoport'!F18 -> nem | G56: ='Budapesti csoport'!G18 -> 0 | H56: ='Budapesti csoport'!H18 -> igen | ... Q56: ='Budapesti csoport'!Q18 -> 0 | R56: ='Budapesti csoport'!R17 -> 0 | T56: ='Budapesti csoport'!R18 -> 0 | U56: ='Budapesti csoport'!S18 -> ÜSZI | V56: ='Budapesti csoport'!T18 -> ÜSZI | W56: ='Budapesti csoport'!U18 -> ÜSZI | X56: ='Budapesti csoport'!V18 -> ÜSZI | Y56: ='Budapesti csoport'!W18 -> ÜSZI | Z56: ='Budapesti csoport'!X18 -> 0 | AA56: ='Budapesti csoport'!Y18 -> 0 | ... AX56: ='Budapesti csoport'!AV18 -> ÜSZI | AY56: =COUNTIF(T56:AX56,"video")+COUNTIF(T56:AX56,"ÜSZI")+COUNTIF(T56:AX56,"Video 8-16")+COUNTIF(T56:AX56,"Video 9-17")+COUNTIF(T56:AX56,"Video 10-18")+COUNTIF(T56:AX56,"ÜSZI + Levelezés") -> 20
A57: ='Budapesti csoport'!A19 -> Szabó Zsuzsanna | B57: ='Budapesti csoport'!B19 -> SZÜTS KATALIN | C57: ='Budapesti csoport'!C19 -> Újbuda | D57: ='Budapesti csoport'!D19 -> Budapesti | E57: ='Budapesti csoport'!E19 -> aktív | F57: ='Budapesti csoport'!F19 -> nem | G57: ='Budapesti csoport'!G19 -> 0 | H57: ='Budapesti csoport'!H19 -> igen | ... Q57: ='Budapesti csoport'!Q19 -> 0 | R57: ='Budapesti csoport'!R18 -> 0 | T57: ='Budapesti csoport'!R19 -> 0 | U57: ='Budapesti csoport'!S19 -> ÜSZI | V57: ='Budapesti csoport'!T19 -> ÜSZI | W57: ='Budapesti csoport'!U19 -> ÜSZI | X57: ='Budapesti csoport'!V19 -> ÜSZI | Y57: ='Budapesti csoport'!W19 -> ÜSZI | Z57: ='Budapesti csoport'!X19 -> 0 | AA57: ='Budapesti csoport'!Y19 -> 0 | ... AX57: ='Budapesti csoport'!AV19 -> ÜSZI | AY57: =COUNTIF(T57:AX57,"video")+COUNTIF(T57:AX57,"ÜSZI")+COUNTIF(T57:AX57,"Video 8-16")+COUNTIF(T57:AX57,"Video 9-17")+COUNTIF(T57:AX57,"Video 10-18")+COUNTIF(T57:AX57,"ÜSZI + Levelezés") -> 22
A58: ='Budapesti csoport'!A20 -> 0 | B58: ='Budapesti csoport'!B20 -> 0 | C58: ='Budapesti csoport'!C20 -> 0 | D58: ='Budapesti csoport'!D20 -> 0 | E58: ='Budapesti csoport'!E20 -> 0 | F58: ='Budapesti csoport'!F20 -> 0 | G58: ='Budapesti csoport'!G20 -> 0 | H58: ='Budapesti csoport'!H20 -> 0 | ... Q58: ='Budapesti csoport'!Q20 -> 0 | R58: ='Budapesti csoport'!#REF! -> #REF! | T58: ='Budapesti csoport'!R20 -> 0 | U58: ='Budapesti csoport'!S20 -> 0 | V58: ='Budapesti csoport'!T20 -> 0 | W58: ='Budapesti csoport'!U20 -> 0 | X58: ='Budapesti csoport'!V20 -> 0 | Y58: ='Budapesti csoport'!W20 -> 0 | Z58: ='Budapesti csoport'!X20 -> 0 | AA58: ='Budapesti csoport'!Y20 -> 0 | ... AX58: ='Budapesti csoport'!AV20 -> 0 | AY58: =COUNTIF(T58:AX58,"video")+COUNTIF(T58:AX58,"ÜSZI") -> 0
A59: ='Budapesti csoport'!A21 -> 0 | B59: ='Budapesti csoport'!B21 -> 0 | C59: ='Budapesti csoport'!C21 -> 0 | D59: ='Budapesti csoport'!D21 -> 0 | E59: ='Budapesti csoport'!E21 -> 0 | F59: ='Budapesti csoport'!F21 -> 0 | G59: ='Budapesti csoport'!G21 -> 0 | H59: ='Budapesti csoport'!H21 -> 0 | ... R59: ='Budapesti csoport'!R21 -> 0 | T59: ='Budapesti csoport'!R21 -> 0 | U59: ='Budapesti csoport'!S21 -> 0 | V59: ='Budapesti csoport'!T21 -> 0 | W59: ='Budapesti csoport'!U21 -> 0 | X59: ='Budapesti csoport'!V21 -> 0 | Y59: ='Budapesti csoport'!W21 -> 0 | Z59: ='Budapesti csoport'!X21 -> 0 | AA59: ='Budapesti csoport'!Y21 -> 0 | ... AX59: ='Budapesti csoport'!AV21 -> 0 | AY59: =COUNTIF(T59:AX59,"video")+COUNTIF(T59:AX59,"ÜSZI") -> 0
A60: ='Budapesti csoport'!A22 -> 0 | B60: ='Budapesti csoport'!B22 -> 0 | C60: ='Budapesti csoport'!C22 -> 0 | D60: ='Budapesti csoport'!D22 -> 0 | E60: ='Budapesti csoport'!E22 -> 0 | F60: ='Budapesti csoport'!F22 -> 0 | G60: ='Budapesti csoport'!G22 -> 0 | H60: ='Budapesti csoport'!H22 -> 0 | ... R60: ='Budapesti csoport'!R22 -> 0 | T60: ='Budapesti csoport'!R22 -> 0 | U60: ='Budapesti csoport'!S22 -> 0 | V60: ='Budapesti csoport'!T22 -> 0 | W60: ='Budapesti csoport'!U22 -> 0 | X60: ='Budapesti csoport'!V22 -> 0 | Y60: ='Budapesti csoport'!W22 -> 0 | Z60: ='Budapesti csoport'!X22 -> 0 | AA60: ='Budapesti csoport'!Y22 -> 0 | ... AX60: ='Budapesti csoport'!AV22 -> 0 | AY60: =COUNTIF(T60:AX60,"video")+COUNTIF(T60:AX60,"ÜSZI") -> 0
A61: ='Budapesti csoport'!A23 -> 0 | B61: ='Budapesti csoport'!B23 -> 0 | C61: ='Budapesti csoport'!C23 -> 0 | D61: ='Budapesti csoport'!D23 -> 0 | E61: ='Budapesti csoport'!E23 -> 0 | F61: ='Budapesti csoport'!F23 -> 0 | G61: ='Budapesti csoport'!G23 -> 0 | H61: ='Budapesti csoport'!H23 -> 0 | ... R61: ='Budapesti csoport'!R23 -> 0 | T61: ='Budapesti csoport'!R23 -> 0 | U61: ='Budapesti csoport'!S23 -> 0 | V61: ='Budapesti csoport'!T23 -> 0 | W61: ='Budapesti csoport'!U23 -> 0 | X61: ='Budapesti csoport'!V23 -> 0 | Y61: ='Budapesti csoport'!W23 -> 0 | Z61: ='Budapesti csoport'!X23 -> 0 | AA61: ='Budapesti csoport'!Y23 -> 0 | ... AX61: ='Budapesti csoport'!AV23 -> 0 | AY61: =COUNTIF(T61:AX61,"video")+COUNTIF(T61:AX61,"ÜSZI") -> 0
A62: ='Budapesti csoport'!A24 -> 0 | B62: ='Budapesti csoport'!B24 -> 0 | C62: ='Budapesti csoport'!C24 -> 0 | D62: ='Budapesti csoport'!D24 -> 0 | E62: ='Budapesti csoport'!E24 -> 0 | F62: ='Budapesti csoport'!F24 -> 0 | G62: ='Budapesti csoport'!G24 -> 0 | H62: ='Budapesti csoport'!H24 -> 0 | ... R62: ='Budapesti csoport'!R24 -> 0 | T62: ='Budapesti csoport'!R24 -> 0 | U62: ='Budapesti csoport'!S24 -> 0 | V62: ='Budapesti csoport'!T24 -> 0 | W62: ='Budapesti csoport'!U24 -> 0 | X62: ='Budapesti csoport'!V24 -> 0 | Y62: ='Budapesti csoport'!W24 -> 0 | Z62: ='Budapesti csoport'!X24 -> 0 | AA62: ='Budapesti csoport'!Y24 -> 0 | ... AX62: ='Budapesti csoport'!AV24 -> 0 | AY62: =COUNTIF(T62:AX62,"video")+COUNTIF(T62:AX62,"ÜSZI") -> 0
A63: ='Budapesti csoport'!A25 -> 0 | B63: ='Budapesti csoport'!B25 -> 0 | C63: ='Budapesti csoport'!C25 -> 0 | D63: ='Budapesti csoport'!D25 -> 0 | E63: ='Budapesti csoport'!E25 -> 0 | F63: ='Budapesti csoport'!F25 -> 0 | G63: ='Budapesti csoport'!G25 -> 0 | H63: ='Budapesti csoport'!H25 -> 0 | ... R63: ='Budapesti csoport'!R25 -> 0 | T63: ='Budapesti csoport'!R25 -> 0 | U63: ='Budapesti csoport'!S25 -> 0 | V63: ='Budapesti csoport'!T25 -> 0 | W63: ='Budapesti csoport'!U25 -> 0 | X63: ='Budapesti csoport'!V25 -> 0 | Y63: ='Budapesti csoport'!W25 -> 0 | Z63: ='Budapesti csoport'!X25 -> 0 | AA63: ='Budapesti csoport'!Y25 -> 0 | ... AX63: ='Budapesti csoport'!AV25 -> 0 | AY63: =COUNTIF(T63:AX63,"video")+COUNTIF(T63:AX63,"ÜSZI") -> 0
A64: ='Budapesti csoport'!A26 -> 0 | B64: ='Budapesti csoport'!B26 -> 0 | C64: ='Budapesti csoport'!C26 -> 0 | D64: ='Budapesti csoport'!D26 -> 0 | E64: ='Budapesti csoport'!E26 -> 0 | F64: ='Budapesti csoport'!F26 -> 0 | G64: ='Budapesti csoport'!G26 -> 0 | H64: ='Budapesti csoport'!H26 -> 0 | ... R64: ='Budapesti csoport'!R26 -> 0 | T64: ='Budapesti csoport'!R26 -> 0 | U64: ='Budapesti csoport'!S26 -> 0 | V64: ='Budapesti csoport'!T26 -> 0 | W64: ='Budapesti csoport'!U26 -> 0 | X64: ='Budapesti csoport'!V26 -> 0 | Y64: ='Budapesti csoport'!W26 -> 0 | Z64: ='Budapesti csoport'!X26 -> 0 | AA64: ='Budapesti csoport'!Y26 -> 0 | ... AX64: ='Budapesti csoport'!AV26 -> 0 | AY64: =COUNTIF(T64:AX64,"video")+COUNTIF(T64:AX64,"ÜSZI") -> 0
A65: ='Budapesti csoport'!A27 -> 0 | B65: ='Budapesti csoport'!B27 -> 0 | C65: ='Budapesti csoport'!C27 -> 0 | D65: ='Budapesti csoport'!D27 -> 0 | E65: ='Budapesti csoport'!E27 -> 0 | F65: ='Budapesti csoport'!F27 -> 0 | G65: ='Budapesti csoport'!G27 -> 0 | H65: ='Budapesti csoport'!H27 -> 0 | ... R65: ='Budapesti csoport'!R27 -> 0 | T65: ='Budapesti csoport'!R27 -> 0 | U65: ='Budapesti csoport'!S27 -> 0 | V65: ='Budapesti csoport'!T27 -> 0 | W65: ='Budapesti csoport'!U27 -> 0 | X65: ='Budapesti csoport'!V27 -> 0 | Y65: ='Budapesti csoport'!W27 -> 0 | Z65: ='Budapesti csoport'!X27 -> 0 | AA65: ='Budapesti csoport'!Y27 -> 0 | ... AX65: ='Budapesti csoport'!AV27 -> 0 | AY65: =COUNTIF(T65:AX65,"video")+COUNTIF(T65:AX65,"ÜSZI") -> 0
A66: ='Budapesti csoport'!A28 -> 0 | B66: ='Budapesti csoport'!B28 -> 0 | C66: ='Budapesti csoport'!C28 -> 0 | D66: ='Budapesti csoport'!D28 -> 0 | E66: ='Budapesti csoport'!E28 -> 0 | F66: ='Budapesti csoport'!F28 -> 0 | G66: ='Budapesti csoport'!G28 -> 0 | H66: ='Budapesti csoport'!H28 -> 0 | ... R66: ='Budapesti csoport'!R28 -> 0 | T66: ='Budapesti csoport'!R28 -> 0 | U66: ='Budapesti csoport'!S28 -> 0 | V66: ='Budapesti csoport'!T28 -> 0 | W66: ='Budapesti csoport'!U28 -> 0 | X66: ='Budapesti csoport'!V28 -> 0 | Y66: ='Budapesti csoport'!W28 -> 0 | Z66: ='Budapesti csoport'!X28 -> 0 | AA66: ='Budapesti csoport'!Y28 -> 0 | ... AX66: ='Budapesti csoport'!AV28 -> 0 | AY66: =COUNTIF(T66:AX66,"video")+COUNTIF(T66:AX66,"ÜSZI") -> 0
A67: ='Budapesti csoport'!A29 -> 0 | B67: ='Budapesti csoport'!B29 -> 0 | C67: ='Budapesti csoport'!C29 -> 0 | D67: ='Budapesti csoport'!D29 -> 0 | E67: ='Budapesti csoport'!E29 -> 0 | F67: ='Budapesti csoport'!F29 -> 0 | G67: ='Budapesti csoport'!G29 -> 0 | H67: ='Budapesti csoport'!H29 -> 0 | ... R67: ='Budapesti csoport'!R29 -> 0 | T67: ='Budapesti csoport'!R29 -> 0 | U67: ='Budapesti csoport'!S29 -> 0 | V67: ='Budapesti csoport'!T29 -> 0 | W67: ='Budapesti csoport'!U29 -> 0 | X67: ='Budapesti csoport'!V29 -> 0 | Y67: ='Budapesti csoport'!W29 -> 0 | Z67: ='Budapesti csoport'!X29 -> 0 | AA67: ='Budapesti csoport'!Y29 -> 0 | ... AX67: ='Budapesti csoport'!AV29 -> 0 | AY67: =COUNTIF(T67:AX67,"video")+COUNTIF(T67:AX67,"ÜSZI") -> 0
A68: ='Budapesti csoport'!A30 -> 0 | B68: ='Budapesti csoport'!B30 -> 0 | C68: ='Budapesti csoport'!C30 -> 0 | D68: ='Budapesti csoport'!D30 -> 0 | E68: ='Budapesti csoport'!E30 -> 0 | F68: ='Budapesti csoport'!F30 -> 0 | G68: ='Budapesti csoport'!G30 -> 0 | H68: ='Budapesti csoport'!H30 -> 0 | ... R68: ='Budapesti csoport'!R30 -> 0 | T68: ='Budapesti csoport'!R30 -> 0 | U68: ='Budapesti csoport'!S30 -> 0 | V68: ='Budapesti csoport'!T30 -> 0 | W68: ='Budapesti csoport'!U30 -> 0 | X68: ='Budapesti csoport'!V30 -> 0 | Y68: ='Budapesti csoport'!W30 -> 0 | Z68: ='Budapesti csoport'!X30 -> 0 | AA68: ='Budapesti csoport'!Y30 -> 0 | ... AX68: ='Budapesti csoport'!AV30 -> 0 | AY68: =COUNTIF(T68:AX68,"video")+COUNTIF(T68:AX68,"ÜSZI") -> 0
A69: ='Budapesti csoport'!A31 -> 0 | B69: ='Budapesti csoport'!B31 -> 0 | C69: ='Budapesti csoport'!C31 -> 0 | D69: ='Budapesti csoport'!D31 -> 0 | E69: ='Budapesti csoport'!E31 -> 0 | F69: ='Budapesti csoport'!F31 -> 0 | G69: ='Budapesti csoport'!G31 -> 0 | H69: ='Budapesti csoport'!H31 -> 0 | ... R69: ='Budapesti csoport'!R31 -> 0 | T69: ='Budapesti csoport'!R31 -> 0 | U69: ='Budapesti csoport'!S31 -> 0 | V69: ='Budapesti csoport'!T31 -> 0 | W69: ='Budapesti csoport'!U31 -> 0 | X69: ='Budapesti csoport'!V31 -> 0 | Y69: ='Budapesti csoport'!W31 -> 0 | Z69: ='Budapesti csoport'!X31 -> 0 | AA69: ='Budapesti csoport'!Y31 -> 0 | ... AX69: ='Budapesti csoport'!AV31 -> 0 | AY69: =COUNTIF(T69:AX69,"video")+COUNTIF(T69:AX69,"ÜSZI") -> 0
A70: ='Budapesti csoport'!A32 -> 0 | B70: ='Budapesti csoport'!B32 -> 0 | C70: ='Budapesti csoport'!C32 -> 0 | D70: ='Budapesti csoport'!D32 -> 0 | E70: ='Budapesti csoport'!E32 -> 0 | F70: ='Budapesti csoport'!F32 -> 0 | G70: ='Budapesti csoport'!G32 -> 0 | H70: ='Budapesti csoport'!H32 -> 0 | ... R70: ='Budapesti csoport'!R32 -> 0 | T70: ='Budapesti csoport'!R32 -> 0 | U70: ='Budapesti csoport'!S32 -> 0 | V70: ='Budapesti csoport'!T32 -> 0 | W70: ='Budapesti csoport'!U32 -> 0 | X70: ='Budapesti csoport'!V32 -> 0 | Y70: ='Budapesti csoport'!W32 -> 0 | Z70: ='Budapesti csoport'!X32 -> 0 | AA70: ='Budapesti csoport'!Y32 -> 0 | ... AX70: ='Budapesti csoport'!AV32 -> 0 | AY70: =COUNTIF(T70:AX70,"video")+COUNTIF(T70:AX70,"ÜSZI") -> 0
... A97: ='Budapesti csoport'!A59 -> 0 | B97: ='Budapesti csoport'!B59 -> 0 | C97: ='Budapesti csoport'!C59 -> 0 | D97: ='Budapesti csoport'!D59 -> 0 | E97: ='Budapesti csoport'!E59 -> 0 | F97: ='Budapesti csoport'!F59 -> 0 | G97: ='Budapesti csoport'!G59 -> 0 | H97: ='Budapesti csoport'!H59 -> 0 | ... R97: ='Budapesti csoport'!R59 -> 0 | T97: ='Budapesti csoport'!R59 -> 0 | U97: ='Budapesti csoport'!S59 -> 0 | V97: ='Budapesti csoport'!T59 -> 0 | W97: ='Budapesti csoport'!U59 -> 0 | X97: ='Budapesti csoport'!V59 -> 0 | Y97: ='Budapesti csoport'!W59 -> 0 | Z97: ='Budapesti csoport'!X59 -> 0 | AA97: ='Budapesti csoport'!Y59 -> 0 | ... AX97: ='Budapesti csoport'!AV59 -> 0 | AY97: =COUNTIF(T97:AX97,"video")+COUNTIF(T97:AX97,"ÜSZI") -> 0
A98: ='Keleti csoport'!A5 -> Boros Viktor | B98: ='Keleti csoport'!B5 -> SZABÓ ZSUZSANNA | C98: ='Keleti csoport'!C5 -> Szeged | D98: ='Keleti csoport'!D5 -> Keleti | E98: ='Keleti csoport'!E5 -> aktív | F98: ='Keleti csoport'!F5 -> nem | G98: ='Keleti csoport'!G5 -> 0 | H98: ='Keleti csoport'!H5 -> igen | ... Q98: ='Keleti csoport'!Q5 -> 0 | R98: ='Keleti csoport'!R6 -> P | T98: ='Keleti csoport'!R5 -> P | U98: ='Keleti csoport'!S5 -> ÜSZI | V98: ='Keleti csoport'!T5 -> ÜSZI | W98: ='Keleti csoport'!U5 -> Levélírás | X98: ='Keleti csoport'!V5 -> ÜSZI | Y98: ='Keleti csoport'!W5 -> ÜSZI | Z98: ='Keleti csoport'!X5 -> P | AA98: ='Keleti csoport'!Y5 -> P | ... AX98: ='Keleti csoport'!AV5 -> Levélírás | AY98: =COUNTIF(T98:AX98,"video")+COUNTIF(T98:AX98,"ÜSZI")+COUNTIF(T98:AX98,"Video 8-16")+COUNTIF(T98:AX98,"Video 9-17")+COUNTIF(T98:AX98,"Video 10-18")+COUNTIF(T98:AX98,"ÜSZI + Levelezés") -> 14
A99: ='Keleti csoport'!A6 -> Kecskés Erzsébet | B99: ='Keleti csoport'!B6 -> SZABÓ ZSUZSANNA | C99: ='Keleti csoport'!C6 -> Szeged | D99: ='Keleti csoport'!D6 -> Keleti | E99: ='Keleti csoport'!E6 -> aktív | F99: ='Keleti csoport'!F6 -> igen | G99: ='Keleti csoport'!G6 -> 0 | H99: ='Keleti csoport'!H6 -> igen | ... Q99: ='Keleti csoport'!Q6 -> 0 | R99: ='Keleti csoport'!R7 -> P | T99: ='Keleti csoport'!R6 -> P | U99: ='Keleti csoport'!S6 -> Levélírás | V99: ='Keleti csoport'!T6 -> Levélírás | W99: ='Keleti csoport'!U6 -> ÜSZI | X99: ='Keleti csoport'!V6 -> ÜSZI | Y99: ='Keleti csoport'!W6 -> ÜSZI | Z99: ='Keleti csoport'!X6 -> P | AA99: ='Keleti csoport'!Y6 -> P | ... AX99: ='Keleti csoport'!AV6 -> ÜSZI | AY99: =COUNTIF(T99:AX99,"video")+COUNTIF(T99:AX99,"ÜSZI")+COUNTIF(T99:AX99,"Video 8-16")+COUNTIF(T99:AX99,"Video 9-17")+COUNTIF(T99:AX99,"Video 10-18")+COUNTIF(T99:AX99,"ÜSZI + Levelezés") -> 14
A100: ='Keleti csoport'!A7 -> Oláh Imola | B100: ='Keleti csoport'!B7 -> SZABÓ ZSUZSANNA | C100: ='Keleti csoport'!C7 -> Szeged | D100: ='Keleti csoport'!D7 -> Keleti | E100: ='Keleti csoport'!E7 -> aktív | F100: ='Keleti csoport'!F7 -> nem | G100: ='Keleti csoport'!G7 -> 0 | H100: ='Keleti csoport'!H7 -> igen | ... Q100: ='Keleti csoport'!Q7 -> 0 | R100: ='Keleti csoport'!R8 -> P | T100: ='Keleti csoport'!R7 -> P | U100: ='Keleti csoport'!S7 -> ÜSZI | V100: ='Keleti csoport'!T7 -> ÜSZI | W100: ='Keleti csoport'!U7 -> ÜSZI | X100: ='Keleti csoport'!V7 -> SZ | Y100: ='Keleti csoport'!W7 -> SZ | Z100: ='Keleti csoport'!X7 -> P | AA100: ='Keleti csoport'!Y7 -> P | ... AX100: ='Keleti csoport'!AV7 -> ÜSZI | AY100: =COUNTIF(T100:AX100,"video")+COUNTIF(T100:AX100,"ÜSZI")+COUNTIF(T100:AX100,"Video 8-16")+COUNTIF(T100:AX100,"Video 9-17")+COUNTIF(T100:AX100,"Video 10-18")+COUNTIF(T100:AX100,"ÜSZI + Levelezés") -> 16
A101: ='Keleti csoport'!A8 -> Fitos-Gyurcsó Eszter | B101: ='Keleti csoport'!B8 -> SZABÓ ZSUZSANNA | C101: ='Keleti csoport'!C8 -> Szolnok | D101: ='Keleti csoport'!D8 -> Keleti | E101: ='Keleti csoport'!E8 -> aktív | F101: ='Keleti csoport'!F8 -> nem | G101: ='Keleti csoport'!G8 -> 0 | H101: ='Keleti csoport'!H8 -> igen | ... Q101: ='Keleti csoport'!Q8 -> 0 | R101: ='Keleti csoport'!R9 -> P | T101: ='Keleti csoport'!R8 -> P | U101: ='Keleti csoport'!S8 -> Jogsegély levelezés | V101: ='Keleti csoport'!T8 -> ÜSZI | W101: ='Keleti csoport'!U8 -> Jogsegély levelezés | X101: ='Keleti csoport'!V8 -> ÜSZI | Y101: ='Keleti csoport'!W8 -> ÜSZI | Z101: ='Keleti csoport'!X8 -> P | AA101: ='Keleti csoport'!Y8 -> P | ... AX101: ='Keleti csoport'!AV8 -> ÜSZI | AY101: =COUNTIF(T101:AX101,"video")+COUNTIF(T101:AX101,"ÜSZI")+COUNTIF(T101:AX101,"Video 8-16")+COUNTIF(T101:AX101,"Video 9-17")+COUNTIF(T101:AX101,"Video 10-18")+COUNTIF(T101:AX101,"ÜSZI + Levelezés") -> 12
A102: ='Keleti csoport'!A9 -> Láposi Dóra | B102: ='Keleti csoport'!B9 -> SZABÓ ZSUZSANNA | C102: ='Keleti csoport'!C9 -> Szolnok | D102: ='Keleti csoport'!D9 -> Keleti | E102: ='Keleti csoport'!E9 -> aktív | F102: ='Keleti csoport'!F9 -> nem | G102: ='Keleti csoport'!G9 -> 0 | H102: ='Keleti csoport'!H9 -> igen | ... Q102: ='Keleti csoport'!Q9 -> 0 | R102: ='Keleti csoport'!R10 -> P | T102: ='Keleti csoport'!R9 -> P | U102: ='Keleti csoport'!S9 -> ÜSZI | V102: ='Keleti csoport'!T9 -> ÜSZI | W102: ='Keleti csoport'!U9 -> ÜSZI | X102: ='Keleti csoport'!V9 -> ÜSZI | Y102: ='Keleti csoport'!W9 -> Levélírás | Z102: ='Keleti csoport'!X9 -> P | AA102: ='Keleti csoport'!Y9 -> P | ... AX102: ='Keleti csoport'!AV9 -> ÜSZI | AY102: =COUNTIF(T102:AX102,"video")+COUNTIF(T102:AX102,"ÜSZI")+COUNTIF(T102:AX102,"Video 8-16")+COUNTIF(T102:AX102,"Video 9-17")+COUNTIF(T102:AX102,"Video 10-18")+COUNTIF(T102:AX102,"ÜSZI + Levelezés") -> 19
A103: ='Keleti csoport'!A10 -> Polgár Rubina | B103: ='Keleti csoport'!B10 -> SZABÓ ZSUZSANNA | C103: ='Keleti csoport'!C10 -> Szolnok | D103: ='Keleti csoport'!D10 -> Keleti | E103: ='Keleti csoport'!E10 -> aktív | F103: ='Keleti csoport'!F10 -> nem | G103: ='Keleti csoport'!G10 -> 0 | H103: ='Keleti csoport'!H10 -> igen | ... Q103: ='Keleti csoport'!Q10 -> 0 | R103: ='Keleti csoport'!R11 -> P | T103: ='Keleti csoport'!R10 -> P | U103: ='Keleti csoport'!S10 -> ÜSZI | V103: ='Keleti csoport'!T10 -> Levelezés EM | W103: ='Keleti csoport'!U10 -> ÜSZI | X103: ='Keleti csoport'!V10 -> Levelezés EM | Y103: ='Keleti csoport'!W10 -> ÜSZI | Z103: ='Keleti csoport'!X10 -> P | AA103: ='Keleti csoport'!Y10 -> P | ... AX103: ='Keleti csoport'!AV10 -> Levelezés EM | AY103: =COUNTIF(T103:AX103,"video")+COUNTIF(T103:AX103,"ÜSZI")+COUNTIF(T103:AX103,"Video 8-16")+COUNTIF(T103:AX103,"Video 9-17")+COUNTIF(T103:AX103,"Video 10-18")+COUNTIF(T103:AX103,"ÜSZI + Levelezés") -> 13
A104: ='Keleti csoport'!A11 -> Bodnárné Pádár Judit | B104: ='Keleti csoport'!B11 -> SZABÓ ZSUZSANNA | C104: ='Keleti csoport'!C11 -> Debrecen | D104: ='Keleti csoport'!D11 -> Keleti | E104: ='Keleti csoport'!E11 -> aktív | F104: ='Keleti csoport'!F11 -> igen | G104: ='Keleti csoport'!G11 -> 0 | H104: ='Keleti csoport'!H11 -> igen | ... Q104: ='Keleti csoport'!Q11 -> 0 | R104: ='Keleti csoport'!R12 -> 0 | T104: ='Keleti csoport'!R11 -> P | U104: ='Keleti csoport'!S11 -> ÜSZI | V104: ='Keleti csoport'!T11 -> ÜSZI | W104: ='Keleti csoport'!U11 -> ÜSZI | X104: ='Keleti csoport'!V11 -> Levélírás | Y104: ='Keleti csoport'!W11 -> ÜSZI | Z104: ='Keleti csoport'!X11 -> P | AA104: ='Keleti csoport'!Y11 -> P | ... AX104: ='Keleti csoport'!AV11 -> ÜSZI | AY104: =COUNTIF(T104:AX104,"video")+COUNTIF(T104:AX104,"ÜSZI")+COUNTIF(T104:AX104,"Video 8-16")+COUNTIF(T104:AX104,"Video 9-17")+COUNTIF(T104:AX104,"Video 10-18") -> 18
A105: ='Keleti csoport'!A12 -> Emődi Anett | B105: ='Keleti csoport'!B12 -> SZABÓ ZSUZSANNA | C105: ='Keleti csoport'!C12 -> Debrecen | D105: ='Keleti csoport'!D12 -> Keleti | E105: ='Keleti csoport'!E12 -> inaktív | F105: ='Keleti csoport'!F12 -> nem | G105: ='Keleti csoport'!G12 -> 0 | H105: ='Keleti csoport'!H12 -> igen | ... Q105: ='Keleti csoport'!Q12 -> 0 | R105: ='Keleti csoport'!R13 -> P | T105: ='Keleti csoport'!R12 -> 0 | U105: ='Keleti csoport'!S12 -> 0 | V105: ='Keleti csoport'!T12 -> 0 | W105: ='Keleti csoport'!U12 -> 0 | X105: ='Keleti csoport'!V12 -> 0 | Y105: ='Keleti csoport'!W12 -> 0 | Z105: ='Keleti csoport'!X12 -> 0 | AA105: ='Keleti csoport'!Y12 -> 0 | ... AX105: ='Keleti csoport'!AV12 -> 0 | AY105: =COUNTIF(T105:AX105,"video")+COUNTIF(T105:AX105,"ÜSZI")+COUNTIF(T105:AX105,"Video 8-16")+COUNTIF(T105:AX105,"Video 9-17")+COUNTIF(T105:AX105,"Video 10-18")+COUNTIF(T105:AX105,"ÜSZI + Levelezés") -> 0
A106: ='Keleti csoport'!A13 -> Gaja Dorottya | B106: ='Keleti csoport'!B13 -> SZABÓ ZSUZSANNA | C106: ='Keleti csoport'!C13 -> Debrecen | D106: ='Keleti csoport'!D13 -> Keleti | E106: ='Keleti csoport'!E13 -> aktív | F106: ='Keleti csoport'!F13 -> nem | G106: ='Keleti csoport'!G13 -> 0 | H106: ='Keleti csoport'!H13 -> igen | ... Q106: ='Keleti csoport'!Q13 -> 0 | R106: ='Keleti csoport'!R14 -> P | T106: ='Keleti csoport'!R13 -> P | U106: ='Keleti csoport'!S13 -> ÜSZI | V106: ='Keleti csoport'!T13 -> ÜSZI | W106: ='Keleti csoport'!U13 -> Levélírás | X106: ='Keleti csoport'!V13 -> ÜSZI | Y106: ='Keleti csoport'!W13 -> Iktatás | Z106: ='Keleti csoport'!X13 -> P | AA106: ='Keleti csoport'!Y13 -> P | ... AX106: ='Keleti csoport'!AV13 -> Levélírás | AY106: =COUNTIF(T106:AX106,"video")+COUNTIF(T106:AX106,"ÜSZI")+COUNTIF(T106:AX106,"Video 8-16")+COUNTIF(T106:AX106,"Video 9-17")+COUNTIF(T106:AX106,"Video 10-18")+COUNTIF(T106:AX106,"ÜSZI + Levelezés") -> 13
A107: ='Keleti csoport'!A14 -> Szabó-Zsódi Ibolya | B107: ='Keleti csoport'!B14 -> SZABÓ ZSUZSANNA | C107: ='Keleti csoport'!C14 -> Debrecen | D107: ='Keleti csoport'!D14 -> Keleti | E107: ='Keleti csoport'!E14 -> aktív | F107: ='Keleti csoport'!F14 -> nem | G107: ='Keleti csoport'!G14 -> 0 | H107: ='Keleti csoport'!H14 -> igen | ... Q107: ='Keleti csoport'!Q14 -> 0 | R107: ='Keleti csoport'!R15 -> P | T107: ='Keleti csoport'!R14 -> P | U107: ='Keleti csoport'!S14 -> Levelezés EM | V107: ='Keleti csoport'!T14 -> Levelezés EM | W107: ='Keleti csoport'!U14 -> ÜSZI | X107: ='Keleti csoport'!V14 -> ÜSZI | Y107: ='Keleti csoport'!W14 -> ÜSZI | Z107: ='Keleti csoport'!X14 -> P | AA107: ='Keleti csoport'!Y14 -> P | ... AX107: ='Keleti csoport'!AV14 -> ÜSZI | AY107: =COUNTIF(T107:AX107,"video")+COUNTIF(T107:AX107,"ÜSZI")+COUNTIF(T107:AX107,"Video 8-16")+COUNTIF(T107:AX107,"Video 9-17")+COUNTIF(T107:AX107,"Video 10-18")+COUNTIF(T107:AX107,"ÜSZI + Levelezés") -> 13
A108: ='Keleti csoport'!A15 -> Bércesi Richárd Tamásné | B108: ='Keleti csoport'!B15 -> SZABÓ ZSUZSANNA | C108: ='Keleti csoport'!C15 -> Miskolc | D108: ='Keleti csoport'!D15 -> Keleti | E108: ='Keleti csoport'!E15 -> aktív | F108: ='Keleti csoport'!F15 -> igen | G108: ='Keleti csoport'!G15 -> 0 | H108: ='Keleti csoport'!H15 -> igen | ... Q108: ='Keleti csoport'!Q15 -> 0 | R108: ='Keleti csoport'!R16 -> P | T108: ='Keleti csoport'!R15 -> P | U108: ='Keleti csoport'!S15 -> ÜSZI | V108: ='Keleti csoport'!T15 -> Levélírás | W108: ='Keleti csoport'!U15 -> ÜSZI | X108: ='Keleti csoport'!V15 -> ÜSZI | Y108: ='Keleti csoport'!W15 -> ÜSZI | Z108: ='Keleti csoport'!X15 -> P | AA108: ='Keleti csoport'!Y15 -> P | ... AX108: ='Keleti csoport'!AV15 -> Levélírás | AY108: =COUNTIF(T108:AX108,"video")+COUNTIF(T108:AX108,"ÜSZI")+COUNTIF(T108:AX108,"Video 8-16")+COUNTIF(T108:AX108,"Video 9-17")+COUNTIF(T108:AX108,"Video 10-18")+COUNTIF(T108:AX108,"ÜSZI + Levelezés") -> 19
A109: ='Keleti csoport'!A16 -> Rémiásné Szabó Ágnes | B109: ='Keleti csoport'!B16 -> SZABÓ ZSUZSANNA | C109: ='Keleti csoport'!C16 -> Miskolc | D109: ='Keleti csoport'!D16 -> Keleti | E109: ='Keleti csoport'!E16 -> aktív | F109: ='Keleti csoport'!F16 -> 0 | G109: ='Keleti csoport'!G16 -> 0 | H109: ='Keleti csoport'!H16 -> 0 | ... Q109: ='Keleti csoport'!Q16 -> 0 | R109: ='Keleti csoport'!#REF! -> #REF! | T109: ='Keleti csoport'!R16 -> P | U109: ='Keleti csoport'!S16 -> ÜSZI | V109: ='Keleti csoport'!T16 -> ÜSZI | W109: ='Keleti csoport'!U16 -> ÜSZI | X109: ='Keleti csoport'!V16 -> ÜSZI | Y109: ='Keleti csoport'!W16 -> ÜSZI | Z109: ='Keleti csoport'!X16 -> P | AA109: ='Keleti csoport'!Y16 -> P | ... AX109: ='Keleti csoport'!AV16 -> ÜSZI | AY109: =COUNTIF(T109:AX109,"video")+COUNTIF(T109:AX109,"ÜSZI")+COUNTIF(T109:AX109,"Video 8-16")+COUNTIF(T109:AX109,"Video 9-17")+COUNTIF(T109:AX109,"Video 10-18") -> 20
A110: ='Keleti csoport'!A17 -> 0 | B110: ='Keleti csoport'!B17 -> 0 | C110: ='Keleti csoport'!C17 -> 0 | D110: ='Keleti csoport'!D17 -> 0 | E110: ='Keleti csoport'!E17 -> 0 | F110: ='Keleti csoport'!F17 -> 0 | G110: ='Keleti csoport'!G17 -> 0 | H110: ='Keleti csoport'!H17 -> 0 | ... Q110: ='Keleti csoport'!Q17 -> 0 | R110: ='Keleti csoport'!#REF! -> #REF! | T110: ='Keleti csoport'!R17 -> 0 | U110: ='Keleti csoport'!#REF! -> #REF! | V110: ='Keleti csoport'!#REF! -> #REF! | W110: ='Keleti csoport'!#REF! -> #REF! | X110: ='Keleti csoport'!#REF! -> #REF! | Y110: ='Keleti csoport'!#REF! -> #REF! | Z110: ='Keleti csoport'!#REF! -> #REF! | AA110: ='Keleti csoport'!#REF! -> #REF! | AB110: ='Keleti csoport'!#REF! -> #REF! | ... AX110: ='Keleti csoport'!#REF! -> #REF! | AY110: =COUNTIF(T110:AX110,"video")+COUNTIF(T110:AX110,"ÜSZI") -> 0
A111: ='Keleti csoport'!A18 -> 0 | B111: ='Keleti csoport'!B18 -> 0 | C111: ='Keleti csoport'!C18 -> 0 | D111: ='Keleti csoport'!D18 -> 0 | E111: ='Keleti csoport'!E18 -> 0 | F111: ='Keleti csoport'!F18 -> 0 | G111: ='Keleti csoport'!G18 -> 0 | H111: ='Keleti csoport'!H18 -> 0 | ... Q111: ='Keleti csoport'!Q18 -> 0 | R111: ='Keleti csoport'!R17 -> 0 | T111: ='Keleti csoport'!R17 -> 0 | U111: ='Keleti csoport'!S17 -> 0 | V111: ='Keleti csoport'!T17 -> 0 | W111: ='Keleti csoport'!U17 -> 0 | X111: ='Keleti csoport'!V17 -> 0 | Y111: ='Keleti csoport'!W17 -> 0 | Z111: ='Keleti csoport'!X17 -> 0 | AA111: ='Keleti csoport'!Y17 -> 0 | ... AX111: ='Keleti csoport'!AV17 -> 0 | AY111: =COUNTIF(T111:AX111,"video")+COUNTIF(T111:AX111,"ÜSZI") -> 0
A112: ='Keleti csoport'!A19 -> 0 | B112: ='Keleti csoport'!B19 -> 0 | C112: ='Keleti csoport'!C19 -> 0 | D112: ='Keleti csoport'!D19 -> 0 | E112: ='Keleti csoport'!E19 -> 0 | F112: ='Keleti csoport'!F19 -> 0 | G112: ='Keleti csoport'!G19 -> 0 | H112: ='Keleti csoport'!H19 -> 0 | ... Q112: ='Keleti csoport'!Q19 -> 0 | R112: ='Keleti csoport'!R18 -> 0 | T112: ='Keleti csoport'!R18 -> 0 | U112: ='Keleti csoport'!S18 -> 0 | V112: ='Keleti csoport'!T18 -> 0 | W112: ='Keleti csoport'!U18 -> 0 | X112: ='Keleti csoport'!V18 -> 0 | Y112: ='Keleti csoport'!W18 -> 0 | Z112: ='Keleti csoport'!X18 -> 0 | AA112: ='Keleti csoport'!Y18 -> 0 | ... AX112: ='Keleti csoport'!AV18 -> 0 | AY112: =COUNTIF(T112:AX112,"video")+COUNTIF(T112:AX112,"ÜSZI") -> 0
A113: ='Keleti csoport'!A20 -> 0 | B113: ='Keleti csoport'!B20 -> 0 | C113: ='Keleti csoport'!C20 -> 0 | D113: ='Keleti csoport'!D20 -> 0 | E113: ='Keleti csoport'!E20 -> 0 | F113: ='Keleti csoport'!F20 -> 0 | G113: ='Keleti csoport'!G20 -> 0 | H113: ='Keleti csoport'!H20 -> 0 | ... Q113: ='Keleti csoport'!Q20 -> 0 | R113: ='Keleti csoport'!R19 -> 0 | T113: ='Keleti csoport'!R19 -> 0 | U113: ='Keleti csoport'!S19 -> 0 | V113: ='Keleti csoport'!T19 -> 0 | W113: ='Keleti csoport'!U19 -> 0 | X113: ='Keleti csoport'!V19 -> 0 | Y113: ='Keleti csoport'!W19 -> 0 | Z113: ='Keleti csoport'!X19 -> 0 | AA113: ='Keleti csoport'!Y19 -> 0 | ... AX113: ='Keleti csoport'!AV19 -> 0 | AY113: =COUNTIF(T113:AX113,"video")+COUNTIF(T113:AX113,"ÜSZI") -> 0
A114: ='Keleti csoport'!A21 -> 0 | B114: ='Keleti csoport'!B21 -> 0 | C114: ='Keleti csoport'!C21 -> 0 | D114: ='Keleti csoport'!D21 -> 0 | E114: ='Keleti csoport'!E21 -> 0 | F114: ='Keleti csoport'!F21 -> 0 | G114: ='Keleti csoport'!G21 -> 0 | H114: ='Keleti csoport'!H21 -> 0 | ... Q114: ='Keleti csoport'!Q21 -> 0 | R114: ='Keleti csoport'!R20 -> 0 | T114: ='Keleti csoport'!R20 -> 0 | U114: ='Keleti csoport'!S20 -> 0 | V114: ='Keleti csoport'!T20 -> 0 | W114: ='Keleti csoport'!U20 -> 0 | X114: ='Keleti csoport'!V20 -> 0 | Y114: ='Keleti csoport'!W20 -> 0 | Z114: ='Keleti csoport'!X20 -> 0 | AA114: ='Keleti csoport'!Y20 -> 0 | ... AX114: ='Keleti csoport'!AV20 -> 0 | AY114: =COUNTIF(T114:AX114,"video")+COUNTIF(T114:AX114,"ÜSZI") -> 0
A115: ='Keleti csoport'!A22 -> 0 | B115: ='Keleti csoport'!B22 -> 0 | C115: ='Keleti csoport'!C22 -> 0 | D115: ='Keleti csoport'!D22 -> 0 | E115: ='Keleti csoport'!E22 -> 0 | F115: ='Keleti csoport'!F22 -> 0 | G115: ='Keleti csoport'!G22 -> 0 | H115: ='Keleti csoport'!H22 -> 0 | ... Q115: ='Keleti csoport'!Q22 -> 0 | R115: ='Keleti csoport'!R21 -> 0 | T115: ='Keleti csoport'!R21 -> 0 | U115: ='Keleti csoport'!S21 -> 0 | V115: ='Keleti csoport'!T21 -> 0 | W115: ='Keleti csoport'!U21 -> 0 | X115: ='Keleti csoport'!V21 -> 0 | Y115: ='Keleti csoport'!W21 -> 0 | Z115: ='Keleti csoport'!X21 -> 0 | AA115: ='Keleti csoport'!Y21 -> 0 | ... AX115: ='Keleti csoport'!AV21 -> 0 | AY115: =COUNTIF(T115:AX115,"video")+COUNTIF(T115:AX115,"ÜSZI") -> 0
A116: ='Keleti csoport'!A23 -> 0 | B116: ='Keleti csoport'!B23 -> 0 | C116: ='Keleti csoport'!C23 -> 0 | D116: ='Keleti csoport'!D23 -> 0 | E116: ='Keleti csoport'!E23 -> 0 | F116: ='Keleti csoport'!F23 -> 0 | G116: ='Keleti csoport'!G23 -> 0 | H116: ='Keleti csoport'!H23 -> 0 | ... Q116: ='Keleti csoport'!Q23 -> 0 | R116: ='Keleti csoport'!R22 -> 0 | T116: ='Keleti csoport'!R22 -> 0 | U116: ='Keleti csoport'!S22 -> 0 | V116: ='Keleti csoport'!T22 -> 0 | W116: ='Keleti csoport'!U22 -> 0 | X116: ='Keleti csoport'!V22 -> 0 | Y116: ='Keleti csoport'!W22 -> 0 | Z116: ='Keleti csoport'!X22 -> 0 | AA116: ='Keleti csoport'!Y22 -> 0 | ... AX116: ='Keleti csoport'!AV22 -> 0 | AY116: =COUNTIF(T116:AX116,"video")+COUNTIF(T116:AX116,"ÜSZI") -> 0
A117: ='Keleti csoport'!A24 -> 0 | B117: ='Keleti csoport'!B24 -> 0 | C117: ='Keleti csoport'!C24 -> 0 | D117: ='Keleti csoport'!D24 -> 0 | E117: ='Keleti csoport'!E24 -> 0 | F117: ='Keleti csoport'!F24 -> 0 | G117: ='Keleti csoport'!G24 -> 0 | H117: ='Keleti csoport'!H24 -> 0 | ... Q117: ='Keleti csoport'!Q24 -> 0 | R117: ='Keleti csoport'!R23 -> 0 | T117: ='Keleti csoport'!R23 -> 0 | U117: ='Keleti csoport'!S23 -> 0 | V117: ='Keleti csoport'!T23 -> 0 | W117: ='Keleti csoport'!U23 -> 0 | X117: ='Keleti csoport'!V23 -> 0 | Y117: ='Keleti csoport'!W23 -> 0 | Z117: ='Keleti csoport'!X23 -> 0 | AA117: ='Keleti csoport'!Y23 -> 0 | ... AX117: ='Keleti csoport'!AV23 -> 0 | AY117: =COUNTIF(T117:AX117,"video")+COUNTIF(T117:AX117,"ÜSZI") -> 0
A118: ='Keleti csoport'!A25 -> 0 | B118: ='Keleti csoport'!B25 -> 0 | C118: ='Keleti csoport'!C25 -> 0 | D118: ='Keleti csoport'!D25 -> 0 | E118: ='Keleti csoport'!E25 -> 0 | F118: ='Keleti csoport'!F25 -> 0 | G118: ='Keleti csoport'!G25 -> 0 | H118: ='Keleti csoport'!H25 -> 0 | ... Q118: ='Keleti csoport'!Q25 -> 0 | R118: ='Keleti csoport'!R24 -> 0 | T118: ='Keleti csoport'!R24 -> 0 | U118: ='Keleti csoport'!S24 -> 0 | V118: ='Keleti csoport'!T24 -> 0 | W118: ='Keleti csoport'!U24 -> 0 | X118: ='Keleti csoport'!V24 -> 0 | Y118: ='Keleti csoport'!W24 -> 0 | Z118: ='Keleti csoport'!X24 -> 0 | AA118: ='Keleti csoport'!Y24 -> 0 | ... AX118: ='Keleti csoport'!AV24 -> 0 | AY118: =COUNTIF(T118:AX118,"video")+COUNTIF(T118:AX118,"ÜSZI") -> 0
A119: ='Keleti csoport'!A26 -> 0 | B119: ='Keleti csoport'!B26 -> 0 | C119: ='Keleti csoport'!C26 -> 0 | D119: ='Keleti csoport'!D26 -> 0 | E119: ='Keleti csoport'!E26 -> 0 | F119: ='Keleti csoport'!F26 -> 0 | G119: ='Keleti csoport'!G26 -> 0 | H119: ='Keleti csoport'!H26 -> 0 | ... Q119: ='Keleti csoport'!Q26 -> 0 | R119: ='Keleti csoport'!R25 -> 0 | T119: ='Keleti csoport'!R25 -> 0 | U119: ='Keleti csoport'!S25 -> 0 | V119: ='Keleti csoport'!T25 -> 0 | W119: ='Keleti csoport'!U25 -> 0 | X119: ='Keleti csoport'!V25 -> 0 | Y119: ='Keleti csoport'!W25 -> 0 | Z119: ='Keleti csoport'!X25 -> 0 | AA119: ='Keleti csoport'!Y25 -> 0 | ... AX119: ='Keleti csoport'!AV25 -> 0 | AY119: =COUNTIF(T119:AX119,"video")+COUNTIF(T119:AX119,"ÜSZI") -> 0
A120: ='Keleti csoport'!A27 -> 0 | B120: ='Keleti csoport'!B27 -> 0 | C120: ='Keleti csoport'!C27 -> 0 | D120: ='Keleti csoport'!D27 -> 0 | E120: ='Keleti csoport'!E27 -> 0 | F120: ='Keleti csoport'!F27 -> 0 | G120: ='Keleti csoport'!G27 -> 0 | H120: ='Keleti csoport'!H27 -> 0 | ... Q120: ='Keleti csoport'!Q27 -> 0 | R120: ='Keleti csoport'!R26 -> 0 | T120: ='Keleti csoport'!R26 -> 0 | U120: ='Keleti csoport'!S26 -> 0 | V120: ='Keleti csoport'!T26 -> 0 | W120: ='Keleti csoport'!U26 -> 0 | X120: ='Keleti csoport'!V26 -> 0 | Y120: ='Keleti csoport'!W26 -> 0 | Z120: ='Keleti csoport'!X26 -> 0 | AA120: ='Keleti csoport'!Y26 -> 0 | ... AX120: ='Keleti csoport'!AV26 -> 0 | AY120: =COUNTIF(T120:AX120,"video")+COUNTIF(T120:AX120,"ÜSZI") -> 0
A121: ='Keleti csoport'!A28 -> 0 | B121: ='Keleti csoport'!B28 -> 0 | C121: ='Keleti csoport'!C28 -> 0 | D121: ='Keleti csoport'!D28 -> 0 | E121: ='Keleti csoport'!E28 -> 0 | F121: ='Keleti csoport'!F28 -> 0 | G121: ='Keleti csoport'!G28 -> 0 | H121: ='Keleti csoport'!H28 -> 0 | ... Q121: ='Keleti csoport'!Q28 -> 0 | R121: ='Keleti csoport'!R27 -> 0 | T121: ='Keleti csoport'!R27 -> 0 | U121: ='Keleti csoport'!S27 -> 0 | V121: ='Keleti csoport'!T27 -> 0 | W121: ='Keleti csoport'!U27 -> 0 | X121: ='Keleti csoport'!V27 -> 0 | Y121: ='Keleti csoport'!W27 -> 0 | Z121: ='Keleti csoport'!X27 -> 0 | AA121: ='Keleti csoport'!Y27 -> 0 | ... AX121: ='Keleti csoport'!AV27 -> 0 | AY121: =COUNTIF(T121:AX121,"video")+COUNTIF(T121:AX121,"ÜSZI") -> 0
A122: ='Keleti csoport'!A29 -> 0 | B122: ='Keleti csoport'!B29 -> 0 | C122: ='Keleti csoport'!C29 -> 0 | D122: ='Keleti csoport'!D29 -> 0 | E122: ='Keleti csoport'!E29 -> 0 | F122: ='Keleti csoport'!F29 -> 0 | G122: ='Keleti csoport'!G29 -> 0 | H122: ='Keleti csoport'!H29 -> 0 | ... Q122: ='Keleti csoport'!Q29 -> 0 | R122: ='Keleti csoport'!R28 -> 0 | T122: ='Keleti csoport'!R28 -> 0 | U122: ='Keleti csoport'!S28 -> 0 | V122: ='Keleti csoport'!T28 -> 0 | W122: ='Keleti csoport'!U28 -> 0 | X122: ='Keleti csoport'!V28 -> 0 | Y122: ='Keleti csoport'!W28 -> 0 | Z122: ='Keleti csoport'!X28 -> 0 | AA122: ='Keleti csoport'!Y28 -> 0 | ... AX122: ='Keleti csoport'!AV28 -> 0 | AY122: =COUNTIF(T122:AX122,"video")+COUNTIF(T122:AX122,"ÜSZI") -> 0
... A156: ='Keleti csoport'!A63 -> Klára | B156: ='Keleti csoport'!B63 -> 0 | C156: ='Keleti csoport'!C63 -> 0 | D156: ='Keleti csoport'!D63 -> 0 | E156: ='Keleti csoport'!E63 -> inaktív | F156: ='Keleti csoport'!F63 -> 0 | G156: ='Keleti csoport'!G63 -> 0 | H156: ='Keleti csoport'!H63 -> 0 | ... Q156: ='Keleti csoport'!Q63 -> 0 | R156: ='Keleti csoport'!R62 -> 0 | T156: ='Keleti csoport'!R62 -> 0 | U156: ='Keleti csoport'!S62 -> 0 | V156: ='Keleti csoport'!T62 -> 0 | W156: ='Keleti csoport'!U62 -> 0 | X156: ='Keleti csoport'!V62 -> 0 | Y156: ='Keleti csoport'!W62 -> 0 | Z156: ='Keleti csoport'!X62 -> 0 | AA156: ='Keleti csoport'!Y62 -> 0 | ... AX156: ='Keleti csoport'!AV62 -> 0 | AY156: =COUNTIF(T156:AX156,"video")+COUNTIF(T156:AX156,"ÜSZI") -> 0
A157: ='Nyugati csoport'!A4 -> Mihóczi-Kántor Petra | B157: ='Nyugati csoport'!B4 -> SEBESTYÉN TÍMEA | C157: ='Nyugati csoport'!C4 -> Pécs | D157: ='Nyugati csoport'!D4 -> Nyugati | E157: ='Nyugati csoport'!E4 -> aktív | F157: ='Nyugati csoport'!F4 -> nem | G157: ='Nyugati csoport'!G4 -> 0 | H157: ='Nyugati csoport'!H4 -> igen | ... R157: ='Nyugati csoport'!R4 -> 0 | T157: ='Nyugati csoport'!R4 -> 0 | U157: ='Nyugati csoport'!S4 -> ÜSZI | V157: ='Nyugati csoport'!T4 -> ÜSZI | W157: ='Nyugati csoport'!U4 -> ÜSZI | X157: ='Nyugati csoport'!V4 -> ÜSZI | Y157: ='Nyugati csoport'!W4 -> ÜSZI | Z157: ='Nyugati csoport'!X4 -> 0 | AA157: ='Nyugati csoport'!Y4 -> 0 | ... AX157: ='Nyugati csoport'!AV4 -> ÜSZI | AY157: =COUNTIF(T157:AX157,"video")+COUNTIF(T157:AX157,"ÜSZI")+COUNTIF(T157:AX157,"Video 8-16")+COUNTIF(T157:AX157,"Video 9-17")+COUNTIF(T157:AX157,"Video 10-18")+COUNTIF(T157:AX157,"ÜSZI + Levelezés") -> 11
A158: ='Nyugati csoport'!A5 -> Ravasz Cecília | B158: ='Nyugati csoport'!B5 -> SEBESTYÉN TÍMEA | C158: ='Nyugati csoport'!C5 -> Pécs | D158: ='Nyugati csoport'!D5 -> Nyugati | E158: ='Nyugati csoport'!E5 -> aktív | F158: ='Nyugati csoport'!F5 -> igen | G158: ='Nyugati csoport'!G5 -> 0 | H158: ='Nyugati csoport'!H5 -> nem | ... R158: ='Nyugati csoport'!R5 -> 0 | T158: ='Nyugati csoport'!R5 -> 0 | U158: ='Nyugati csoport'!S5 -> Levélírás | V158: ='Nyugati csoport'!T5 -> Levélírás | W158: ='Nyugati csoport'!U5 -> Levelezés EM | X158: ='Nyugati csoport'!V5 -> Levelezés EM | Y158: ='Nyugati csoport'!W5 -> Levélírás | Z158: ='Nyugati csoport'!X5 -> 0 | AA158: ='Nyugati csoport'!Y5 -> 0 | ... AX158: ='Nyugati csoport'!AV5 -> Levelezés EM | AY158: =COUNTIF(T158:AX158,"video")+COUNTIF(T158:AX158,"ÜSZI")+COUNTIF(T158:AX158,"Video 8-16")+COUNTIF(T158:AX158,"Video 9-17")+COUNTIF(T158:AX158,"Video 10-18")+COUNTIF(T158:AX158,"ÜSZI + Levelezés") -> 10
A159: ='Nyugati csoport'!A6 -> Tamon Orsolya | B159: ='Nyugati csoport'!B6 -> SEBESTYÉN TÍMEA | C159: ='Nyugati csoport'!C6 -> Pécs | D159: ='Nyugati csoport'!D6 -> Nyugati | E159: ='Nyugati csoport'!E6 -> aktív | F159: ='Nyugati csoport'!F6 -> nem | G159: ='Nyugati csoport'!G6 -> 0 | H159: ='Nyugati csoport'!H6 -> igen | ... R159: ='Nyugati csoport'!R6 -> 0 | T159: ='Nyugati csoport'!R6 -> 0 | U159: ='Nyugati csoport'!S6 -> SZ | V159: ='Nyugati csoport'!T6 -> Levélírás | W159: ='Nyugati csoport'!U6 -> Levélírás | X159: ='Nyugati csoport'!V6 -> Levélírás | Y159: ='Nyugati csoport'!W6 -> Levélírás | Z159: ='Nyugati csoport'!X6 -> 0 | AA159: ='Nyugati csoport'!Y6 -> 0 | ... AX159: ='Nyugati csoport'!AV6 -> Levélírás | AY159: =COUNTIF(T159:AX159,"video")+COUNTIF(T159:AX159,"ÜSZI")+COUNTIF(T159:AX159,"Video 8-16")+COUNTIF(T159:AX159,"Video 9-17")+COUNTIF(T159:AX159,"Video 10-18")+COUNTIF(T159:AX159,"ÜSZI + Levelezés") -> 11
A160: ='Nyugati csoport'!A7 -> Demecs Anett | B160: ='Nyugati csoport'!B7 -> SEBESTYÉN TÍMEA | C160: ='Nyugati csoport'!C7 -> Székesfehérvár | D160: ='Nyugati csoport'!D7 -> Nyugati | E160: ='Nyugati csoport'!E7 -> aktív | F160: ='Nyugati csoport'!F7 -> nem | G160: ='Nyugati csoport'!G7 -> 0 | H160: ='Nyugati csoport'!H7 -> igen | ... R160: ='Nyugati csoport'!R7 -> 0 | T160: ='Nyugati csoport'!R7 -> 0 | U160: ='Nyugati csoport'!S7 -> Levélírás | V160: ='Nyugati csoport'!T7 -> Levélírás | W160: ='Nyugati csoport'!U7 -> Levélírás | X160: ='Nyugati csoport'!V7 -> Levélírás | Y160: ='Nyugati csoport'!W7 -> Levélírás | Z160: ='Nyugati csoport'!X7 -> 0 | AA160: ='Nyugati csoport'!Y7 -> 0 | ... AX160: ='Nyugati csoport'!AV7 -> Levélírás | AY160: =COUNTIF(T160:AX160,"video")+COUNTIF(T160:AX160,"ÜSZI")+COUNTIF(T160:AX160,"Video 8-16")+COUNTIF(T160:AX160,"Video 9-17")+COUNTIF(T160:AX160,"Video 10-18")+COUNTIF(T160:AX160,"ÜSZI + Levelezés") -> 10
...

Sheet Mátrix
F1: Telefon | J1: Videochat | K1: Személyes | N1: Levélírás | AC1: Nyelvtudás
A2: Név | B2: Csop. Vez | C2: Terület | D2: Csoport | E2: Státusz | F2: CC | G2: CC - Angol | H2: CC - Német | I2: CC - NMF | J2: Videochat | K2: Személyes ügyfélszolgálat | L2: Csoportos megrendelők feldolgozása - elektronikus átvétel | M2: Szolgáltatási díj számla tisztázás (1375) | N2: @Jelölő | O2: Iktatás | P2: Levél - UD (HUGO) | Q2: Levél - HD | R2: Levél - eÜSZI | S2: Iktatás - Jogsegély | T2: Levél - Jogsegély | U2: Szignálás - Jogsegély | V2: Postázás - Jogsegély | W2: Levél - Angol | X2: KPLLC ügyintézés | Y2: Díjmentes adatbázis kezelése | Z2: Külföldi irodák | AA2: Panaszkezelés (besegítéshez) | AB2: Napi terelés összesítő tábla töltés | AC2: Angol | AD2: Német | AE2: Egyéb
A3: ='Budapesti csoport'!A5 -> Barna Emőke | B3: ='Budapesti csoport'!B5 -> SZÜTS KATALIN | C3: ='Budapesti csoport'!C5 -> M3 | D3: ='Budapesti csoport'!D5 -> Budapesti | E3: ='Budapesti csoport'!E5 -> aktív | J3: BF | K3: =[1]mátrix!J50 -> 1 | O3: =[1]mátrix!N50 -> H1 | Q3: =[1]mátrix!P50 -> H1 | AC3: =IF(VLOOKUP(A3,Beosztás!A:F,6,0)="Igen","Igen","") | AD3: =IF(VLOOKUP(A3,Beosztás!A:G,7,0)="igen","igen","")
A4: ='Budapesti csoport'!A6 -> Basa Istvánné | B4: ='Budapesti csoport'!B6 -> SZÜTS KATALIN | C4: ='Budapesti csoport'!C6 -> M3 | D4: ='Budapesti csoport'!D6 -> Budapesti | E4: ='Budapesti csoport'!E6 -> aktív | F4: =[1]mátrix!E51 -> H1 | J4: =[1]mátrix!I51 -> H1 | K4: =[1]mátrix!J51 -> 1 | O4: =[1]mátrix!N51 -> H1 | Q4: =[1]mátrix!P51 -> H1 | T4: =[1]mátrix!S51 -> H2 | Z4: =[1]mátrix!Y51 -> H1 | AA4: =[1]mátrix!Z51 -> H1 | AC4: =IF(VLOOKUP(A4,Beosztás!A:F,6,0)="Igen","Igen","") | AD4: =IF(VLOOKUP(A4,Beosztás!A:G,7,0)="igen","igen","")
A5: ='Budapesti csoport'!A7 -> Bottyáni Vanda | B5: ='Budapesti csoport'!B7 -> SZÜTS KATALIN | C5: ='Budapesti csoport'!C7 -> M3 | D5: ='Budapesti csoport'!D7 -> Budapesti | E5: ='Budapesti csoport'!E7 -> aktív | F5: =[1]mátrix!E52 -> H1 | J5: =[1]mátrix!I52 -> H1 | K5: =[1]mátrix!J52 -> 1 | O5: =[1]mátrix!N52 -> H1 | Q5: =[1]mátrix!P52 -> H1 | T5: =[1]mátrix!S52 -> H2 | Z5: =[1]mátrix!Y52 -> H1 | AA5: =[1]mátrix!Z52 -> H1 | AC5: =IF(VLOOKUP(A5,Beosztás!A:F,6,0)="Igen","Igen","") | AD5: =IF(VLOOKUP(A5,Beosztás!A:G,7,0)="igen","igen","")
A6: ='Budapesti csoport'!A8 -> Egresiné Várhelyi Eszter Fanni | B6: ='Budapesti csoport'!B8 -> SZÜTS KATALIN | C6: ='Budapesti csoport'!C8 -> M3 | D6: ='Budapesti csoport'!D8 -> Budapesti | E6: ='Budapesti csoport'!E8 -> aktív | J6: BF | K6: =[1]mátrix!J53 -> 1 | O6: =[1]mátrix!N53 -> H1 | Q6: =[1]mátrix!P53 -> H1 | W6: BF | AC6: =IF(VLOOKUP(A6,Beosztás!A:F,6,0)="Igen","Igen","") -> Igen | AD6: =IF(VLOOKUP(A6,Beosztás!A:G,7,0)="igen","igen","")
A7: ='Budapesti csoport'!A9 -> Fejér Zsuzsanna | B7: ='Budapesti csoport'!B9 -> SZÜTS KATALIN | C7: ='Budapesti csoport'!C9 -> M3 | D7: ='Budapesti csoport'!D9 -> Budapesti | E7: ='Budapesti csoport'!E9 -> aktív | K7: =[1]mátrix!J54 -> 1 | AC7: =IF(VLOOKUP(A7,Beosztás!A:F,6,0)="Igen","Igen","") | AD7: =IF(VLOOKUP(A7,Beosztás!A:G,7,0)="igen","igen","")
A8: ='Budapesti csoport'!A10 -> Horváth Julianna | B8: ='Budapesti csoport'!B10 -> SZÜTS KATALIN | C8: ='Budapesti csoport'!C10 -> M3 | D8: ='Budapesti csoport'!D10 -> Budapesti | E8: ='Budapesti csoport'!E10 -> aktív | J8: =[1]mátrix!I55 -> KV | K8: =[1]mátrix!J55 -> 1 | O8: =[1]mátrix!N55 -> H1 | Q8: =[1]mátrix!P55 -> H1 | AC8: =IF(VLOOKUP(A8,Beosztás!A:F,6,0)="Igen","Igen","") | AD8: =IF(VLOOKUP(A8,Beosztás!A:G,7,0)="igen","igen","")
A9: ='Budapesti csoport'!A11 -> Horváth Tibor | B9: ='Budapesti csoport'!B11 -> SZÜTS KATALIN | C9: ='Budapesti csoport'!C11 -> M3 | D9: ='Budapesti csoport'!D11 -> Budapesti | E9: ='Budapesti csoport'!E11 -> aktív | F9: =[1]mátrix!E56 -> H1 | K9: =[1]mátrix!J56 -> 1 | O9: =[1]mátrix!N56 -> H1 | Q9: =[1]mátrix!P56 -> H1 | AC9: =IF(VLOOKUP(A9,Beosztás!A:F,6,0)="Igen","Igen","") | AD9: =IF(VLOOKUP(A9,Beosztás!A:G,7,0)="igen","igen","")
A10: ='Budapesti csoport'!A12 -> Lukács Anna | B10: ='Budapesti csoport'!B12 -> SZÜTS KATALIN | C10: ='Budapesti csoport'!C12 -> M3 | D10: ='Budapesti csoport'!D12 -> Budapesti | E10: ='Budapesti csoport'!E12 -> aktív | J10: =[1]mátrix!I57 -> KV | K10: =[1]mátrix!J57 -> 1 | O10: =[1]mátrix!N57 -> H1 | Q10: =[1]mátrix!P57 -> H1 | W10: H1 | AC10: =IF(VLOOKUP(A10,Beosztás!A:F,6,0)="Igen","Igen","") -> Igen | AD10: =IF(VLOOKUP(A10,Beosztás!A:G,7,0)="igen","igen","")
A11: ='Budapesti csoport'!A13 -> Gregor Katalin | B11: ='Budapesti csoport'!B13 -> SZÜTS KATALIN | C11: ='Budapesti csoport'!C13 -> Dél-Pest | D11: ='Budapesti csoport'!D13 -> Budapesti | E11: ='Budapesti csoport'!E13 -> aktív | K11: =[1]mátrix!J58 -> 1 | O11: =[1]mátrix!N58 -> H1 | Q11: =[1]mátrix!P58 -> H1 | AC11: =IF(VLOOKUP(A11,Beosztás!A:F,6,0)="Igen","Igen","") | AD11: =IF(VLOOKUP(A11,Beosztás!A:G,7,0)="igen","igen","")
A12: ='Budapesti csoport'!A14 -> Mitjans Mónika | B12: ='Budapesti csoport'!B14 -> SZÜTS KATALIN | C12: ='Budapesti csoport'!C14 -> Dél-Pest | D12: ='Budapesti csoport'!D14 -> Budapesti | E12: ='Budapesti csoport'!E14 -> aktív | K12: =[1]mátrix!J59 -> 1 | O12: =[1]mátrix!N59 -> H1 | Q12: =[1]mátrix!P59 -> H1 | R12: =[1]mátrix!Q59 -> H2 | Z12: =[1]mátrix!Y59 -> H1 | AC12: =IF(VLOOKUP(A12,Beosztás!A:F,6,0)="Igen","Igen","") -> Igen | AD12: =IF(VLOOKUP(A12,Beosztás!A:G,7,0)="igen","igen","")
A13: ='Budapesti csoport'!A15 -> Szijártó Szintia | B13: ='Budapesti csoport'!B15 -> SZÜTS KATALIN | C13: ='Budapesti csoport'!C15 -> Dél-Pest | D13: ='Budapesti csoport'!D15 -> Budapesti | E13: ='Budapesti csoport'!E15 -> aktív | K13: =[1]mátrix!J60 -> 1 | O13: =[1]mátrix!N60 -> H1 | Q13: =[1]mátrix!P60 -> H1 | AC13: =IF(VLOOKUP(A13,Beosztás!A:F,6,0)="Igen","Igen","") | AD13: =IF(VLOOKUP(A13,Beosztás!A:G,7,0)="igen","igen","")
A14: ='Budapesti csoport'!A16 -> Ferenczik Szilvia | B14: ='Budapesti csoport'!B16 -> SZÜTS KATALIN | C14: ='Budapesti csoport'!C16 -> Újbuda | D14: ='Budapesti csoport'!D16 -> Budapesti | E14: ='Budapesti csoport'!E16 -> aktív | K14: =[1]mátrix!J61 -> 1 | O14: =[1]mátrix!N61 -> H1 | Q14: =[1]mátrix!P61 -> H1 | AA14: =[1]mátrix!Z61 -> H1 | AC14: =IF(VLOOKUP(A14,Beosztás!A:F,6,0)="Igen","Igen","") | AD14: =IF(VLOOKUP(A14,Beosztás!A:G,7,0)="igen","igen","")
A15: ='Budapesti csoport'!A17 -> Németh-Szeghő Melinda | B15: ='Budapesti csoport'!B17 -> SZÜTS KATALIN | C15: ='Budapesti csoport'!C17 -> Újbuda | D15: ='Budapesti csoport'!D17 -> Budapesti | E15: ='Budapesti csoport'!E17 -> aktív | K15: =[1]mátrix!J62 -> 1 | O15: =[1]mátrix!N62 -> H1 | Q15: =[1]mátrix!P62 -> H1 | R15: =[1]mátrix!Q62 -> H2 | Z15: =[1]mátrix!Y62 -> H1 | AA15: =[1]mátrix!Z62 -> H1 | AC15: =IF(VLOOKUP(A15,Beosztás!A:F,6,0)="Igen","Igen","") | AD15: =IF(VLOOKUP(A15,Beosztás!A:G,7,0)="igen","igen","")
A16: ='Budapesti csoport'!A18 -> Polányi Viktória | B16: ='Budapesti csoport'!B18 -> SZÜTS KATALIN | C16: ='Budapesti csoport'!C18 -> Újbuda | D16: ='Budapesti csoport'!D18 -> Budapesti | E16: ='Budapesti csoport'!E18 -> aktív | K16: =[1]mátrix!J63 -> 1 | O16: =[1]mátrix!N63 -> H1 | Q16: =[1]mátrix!P63 -> H1 | AA16: =[1]mátrix!Z63 -> H1 | AC16: =IF(VLOOKUP(A16,Beosztás!A:F,6,0)="Igen","Igen","") | AD16: =IF(VLOOKUP(A16,Beosztás!A:G,7,0)="igen","igen","")
A17: ='Budapesti csoport'!A19 -> Szabó Zsuzsanna | B17: ='Budapesti csoport'!B19 -> SZÜTS KATALIN | C17: ='Budapesti csoport'!C19 -> Újbuda | D17: ='Budapesti csoport'!D19 -> Budapesti | E17: ='Budapesti csoport'!E19 -> aktív | K17: =[1]mátrix!J64 -> 1 | O17: =[1]mátrix!N64 -> H1 | Q17: =[1]mátrix!P64 -> H1 | AA17: =[1]mátrix!Z64 -> H1 | AC17: =IF(VLOOKUP(A17,Beosztás!A:F,6,0)="Igen","Igen","") | AD17: =IF(VLOOKUP(A17,Beosztás!A:G,7,0)="igen","igen","")
A18: ='Budapesti csoport'!A20 -> 0 | B18: ='Budapesti csoport'!B20 -> 0 | C18: ='Budapesti csoport'!C20 -> 0 | D18: ='Budapesti csoport'!D20 -> 0 | E18: ='Budapesti csoport'!E20 -> 0 | AC18: =IF(VLOOKUP(A18,Beosztás!A:F,6,0)="Igen","Igen","") | AD18: =IF(VLOOKUP(A18,Beosztás!A:G,7,0)="igen","igen","")
A19: ='Budapesti csoport'!A21 -> 0 | B19: ='Budapesti csoport'!B21 -> 0 | C19: ='Budapesti csoport'!C21 -> 0 | D19: ='Budapesti csoport'!D21 -> 0 | E19: ='Budapesti csoport'!E21 -> 0 | AC19: =IF(VLOOKUP(A19,Beosztás!A:F,6,0)="Igen","Igen","") | AD19: =IF(VLOOKUP(A19,Beosztás!A:G,7,0)="igen","igen","")
A20: ='Budapesti csoport'!A22 -> 0 | B20: ='Budapesti csoport'!B22 -> 0 | C20: ='Budapesti csoport'!C22 -> 0 | D20: ='Budapesti csoport'!D22 -> 0 | E20: ='Budapesti csoport'!E22 -> 0 | AC20: =IF(VLOOKUP(A20,Beosztás!A:F,6,0)="Igen","Igen","") | AD20: =IF(VLOOKUP(A20,Beosztás!A:G,7,0)="igen","igen","")
A21: ='Budapesti csoport'!A23 -> 0 | B21: ='Budapesti csoport'!B23 -> 0 | C21: ='Budapesti csoport'!C23 -> 0 | D21: ='Budapesti csoport'!D23 -> 0 | E21: ='Budapesti csoport'!E23 -> 0 | AC21: =IF(VLOOKUP(A21,Beosztás!A:F,6,0)="Igen","Igen","") | AD21: =IF(VLOOKUP(A21,Beosztás!A:G,7,0)="igen","igen","")
A22: ='Budapesti csoport'!A24 -> 0 | B22: ='Budapesti csoport'!B24 -> 0 | C22: ='Budapesti csoport'!C24 -> 0 | D22: ='Budapesti csoport'!D24 -> 0 | E22: ='Budapesti csoport'!E24 -> 0 | AC22: =IF(VLOOKUP(A22,Beosztás!A:F,6,0)="Igen","Igen","") | AD22: =IF(VLOOKUP(A22,Beosztás!A:G,7,0)="igen","igen","")
A23: ='Budapesti csoport'!A25 -> 0 | B23: ='Budapesti csoport'!B25 -> 0 | C23: ='Budapesti csoport'!C25 -> 0 | D23: ='Budapesti csoport'!D25 -> 0 | E23: ='Budapesti csoport'!E25 -> 0 | AC23: =IF(VLOOKUP(A23,Beosztás!A:F,6,0)="Igen","Igen","") | AD23: =IF(VLOOKUP(A23,Beosztás!A:G,7,0)="igen","igen","")
A24: ='Budapesti csoport'!A26 -> 0 | B24: ='Budapesti csoport'!B26 -> 0 | C24: ='Budapesti csoport'!C26 -> 0 | D24: ='Budapesti csoport'!D26 -> 0 | E24: ='Budapesti csoport'!E26 -> 0 | AC24: =IF(VLOOKUP(A24,Beosztás!A:F,6,0)="Igen","Igen","") | AD24: =IF(VLOOKUP(A24,Beosztás!A:G,7,0)="igen","igen","")
A25: ='Budapesti csoport'!A27 -> 0 | B25: ='Budapesti csoport'!B27 -> 0 | C25: ='Budapesti csoport'!C27 -> 0 | D25: ='Budapesti csoport'!D27 -> 0 | E25: ='Budapesti csoport'!E27 -> 0 | AC25: =IF(VLOOKUP(A25,Beosztás!A:F,6,0)="Igen","Igen","") | AD25: =IF(VLOOKUP(A25,Beosztás!A:G,7,0)="igen","igen","")
A26: ='Budapesti csoport'!A28 -> 0 | B26: ='Budapesti csoport'!B28 -> 0 | C26: ='Budapesti csoport'!C28 -> 0 | D26: ='Budapesti csoport'!D28 -> 0 | E26: ='Budapesti csoport'!E28 -> 0 | AC26: =IF(VLOOKUP(A26,Beosztás!A:F,6,0)="Igen","Igen","") | AD26: =IF(VLOOKUP(A26,Beosztás!A:G,7,0)="igen","igen","")
A27: ='Budapesti csoport'!A29 -> 0 | B27: ='Budapesti csoport'!B29 -> 0 | C27: ='Budapesti csoport'!C29 -> 0 | D27: ='Budapesti csoport'!D29 -> 0 | E27: ='Budapesti csoport'!E29 -> 0 | AC27: =IF(VLOOKUP(A27,Beosztás!A:F,6,0)="Igen","Igen","") | AD27: =IF(VLOOKUP(A27,Beosztás!A:G,7,0)="igen","igen","")
A28: ='Budapesti csoport'!A30 -> 0 | B28: ='Budapesti csoport'!B30 -> 0 | C28: ='Budapesti csoport'!C30 -> 0 | D28: ='Budapesti csoport'!D30 -> 0 | E28: ='Budapesti csoport'!E30 -> 0 | AC28: =IF(VLOOKUP(A28,Beosztás!A:F,6,0)="Igen","Igen","") | AD28: =IF(VLOOKUP(A28,Beosztás!A:G,7,0)="igen","igen","")
A29: ='Budapesti csoport'!A31 -> 0 | B29: ='Budapesti csoport'!B31 -> 0 | C29: ='Budapesti csoport'!C31 -> 0 | D29: ='Budapesti csoport'!D31 -> 0 | E29: ='Budapesti csoport'!E31 -> 0 | AC29: =IF(VLOOKUP(A29,Beosztás!A:F,6,0)="Igen","Igen","") | AD29: =IF(VLOOKUP(A29,Beosztás!A:G,7,0)="igen","igen","")
... A60: ='Budapesti csoport'!A62 -> 0 | B60: ='Budapesti csoport'!B62 -> 0 | C60: ='Budapesti csoport'!C62 -> 0 | D60: ='Budapesti csoport'!D62 -> 0 | E60: ='Budapesti csoport'!E62 -> 0 | AC60: =IF(VLOOKUP(A60,Beosztás!A:F,6,0)="Igen","Igen","") | AD60: =IF(VLOOKUP(A60,Beosztás!A:G,7,0)="igen","igen","")
A61: ='Keleti csoport'!A15 -> Bércesi Richárd Tamásné | B61: ='Keleti csoport'!B15 -> SZABÓ ZSUZSANNA | C61: ='Keleti csoport'!C15 -> Miskolc | D61: ='Keleti csoport'!D15 -> Keleti | E61: ='Keleti csoport'!E15 -> aktív | F61: H1 | K61: =[1]mátrix!J27 -> 1 | M61: H1 | O61: =[1]mátrix!N27 -> H1 | Q61: H1 | X61: 3 | AD61: =IF(VLOOKUP(A61,Beosztás!A:G,7,0)="igen","igen","")
A62: ='Keleti csoport'!A5 -> Boros Viktor | B62: ='Keleti csoport'!B5 -> SZABÓ ZSUZSANNA | C62: ='Keleti csoport'!C5 -> Szeged | D62: ='Keleti csoport'!D5 -> Keleti | E62: ='Keleti csoport'!E5 -> aktív | K62: =[1]mátrix!J28 -> 1 | L62: =[1]mátrix!K28 -> H1 | O62: =[1]mátrix!N28 -> H1 | Q62: =[1]mátrix!P28 -> H1 | W62: H1 | AC62: igen | AD62: =IF(VLOOKUP(A62,Beosztás!A:G,7,0)="igen","igen","")
A63: ='Keleti csoport'!A6 -> Kecskés Erzsébet | B63: ='Keleti csoport'!B6 -> SZABÓ ZSUZSANNA | C63: ='Keleti csoport'!C6 -> Szeged | D63: ='Keleti csoport'!D6 -> Keleti | E63: ='Keleti csoport'!E6 -> aktív | F63: =[1]mátrix!E29 -> H1 | J63: 3 | K63: =[1]mátrix!J29 -> 1 | L63: H1 | M63: H1 | O63: =[1]mátrix!N29 -> H1 | Q63: =[1]mátrix!P29 -> H1 | R63: 3 | AD63: =IF(VLOOKUP(A63,Beosztás!A:G,7,0)="igen","igen","")
A64: ='Keleti csoport'!A7 -> Oláh Imola | B64: ='Keleti csoport'!B7 -> SZABÓ ZSUZSANNA | C64: ='Keleti csoport'!C7 -> Szeged | D64: ='Keleti csoport'!D7 -> Keleti | E64: ='Keleti csoport'!E7 -> aktív | F64: =[1]mátrix!E30 -> H1 | G64: H1 | K64: =[1]mátrix!J30 -> 1 | L64: BF | O64: H1 | Q64: H1 | W64: H1 | AC64: igen | AD64: =IF(VLOOKUP(A64,Beosztás!A:G,7,0)="igen","igen","")
A65: ='Keleti csoport'!A8 -> Fitos-Gyurcsó Eszter | B65: ='Keleti csoport'!B8 -> SZABÓ ZSUZSANNA | C65: ='Keleti csoport'!C8 -> Szolnok | D65: ='Keleti csoport'!D8 -> Keleti | E65: ='Keleti csoport'!E8 -> aktív | F65: =[1]mátrix!E31 -> H1 | K65: =[1]mátrix!J31 -> 1 | L65: =[1]mátrix!K31 -> H1 | O65: =[1]mátrix!N31 -> H1 | Q65: 3 | T65: H1 | AC65: =IF(VLOOKUP(A65,Beosztás!A:F,6,0)="Igen","Igen","") | AD65: =IF(VLOOKUP(A65,Beosztás!A:G,7,0)="igen","igen","")
A66: ='Keleti csoport'!A9 -> Láposi Dóra | B66: ='Keleti csoport'!B9 -> SZABÓ ZSUZSANNA | C66: ='Keleti csoport'!C9 -> Szolnok | D66: ='Keleti csoport'!D9 -> Keleti | E66: ='Keleti csoport'!E9 -> aktív | F66: =[1]mátrix!E32 -> H1 | K66: =[1]mátrix!J32 -> 1 | L66: =[1]mátrix!K32 -> H1 | M66: H1 | O66: =[1]mátrix!N32 -> H1 | Q66: =[1]mátrix!P32 -> H1 | AC66: =IF(VLOOKUP(A66,Beosztás!A:F,6,0)="Igen","Igen","") | AD66: =IF(VLOOKUP(A66,Beosztás!A:G,7,0)="igen","igen","")
A67: ='Keleti csoport'!A10 -> Polgár Rubina | B67: ='Keleti csoport'!B10 -> SZABÓ ZSUZSANNA | C67: ='Keleti csoport'!C10 -> Szolnok | D67: ='Keleti csoport'!D10 -> Keleti | E67: ='Keleti csoport'!E10 -> aktív | F67: =[1]mátrix!E33 -> H1 | K67: =[1]mátrix!J33 -> 1 | L67: H1 | O67: =[1]mátrix!N33 -> H1 | Q67: =[1]mátrix!P33 -> H1 | AC67: =IF(VLOOKUP(A67,Beosztás!A:F,6,0)="Igen","Igen","") | AD67: =IF(VLOOKUP(A67,Beosztás!A:G,7,0)="igen","igen","")
A68: ='Keleti csoport'!A11 -> Bodnárné Pádár Judit | B68: ='Keleti csoport'!B11 -> SZABÓ ZSUZSANNA | C68: ='Keleti csoport'!C11 -> Debrecen | D68: ='Keleti csoport'!D11 -> Keleti | E68: ='Keleti csoport'!E11 -> aktív | F68: H1 | K68: =[1]mátrix!J34 -> 1 | O68: =[1]mátrix!N34 -> H1 | Q68: =[1]mátrix!P34 -> H1 | AD68: =IF(VLOOKUP(A68,Beosztás!A:G,7,0)="igen","igen","")
A69: ='Keleti csoport'!A12 -> Emődi Anett | B69: ='Keleti csoport'!B12 -> SZABÓ ZSUZSANNA | C69: ='Keleti csoport'!C12 -> Debrecen | D69: ='Keleti csoport'!D12 -> Keleti | E69: ='Keleti csoport'!E12 -> inaktív | K69: =[1]mátrix!J35 -> 1 | O69: =[1]mátrix!N35 -> H1 | P69: =[1]mátrix!O35 -> H2 | Q69: =[1]mátrix!P35 -> H1 | AC69: =IF(VLOOKUP(A69,Beosztás!A:F,6,0)="Igen","Igen","") | AD69: =IF(VLOOKUP(A69,Beosztás!A:G,7,0)="igen","igen","")
A70: ='Keleti csoport'!A13 -> Gaja Dorottya | B70: ='Keleti csoport'!B13 -> SZABÓ ZSUZSANNA | C70: ='Keleti csoport'!C13 -> Debrecen | D70: ='Keleti csoport'!D13 -> Keleti | E70: ='Keleti csoport'!E13 -> aktív | K70: =[1]mátrix!J36 -> 1 | O70: =[1]mátrix!N36 -> H1 | Q70: BF | AC70: =IF(VLOOKUP(A70,Beosztás!A:F,6,0)="Igen","Igen","") | AD70: =IF(VLOOKUP(A70,Beosztás!A:G,7,0)="igen","igen","")
A71: ='Keleti csoport'!A14 -> Szabó-Zsódi Ibolya | B71: ='Keleti csoport'!B14 -> SZABÓ ZSUZSANNA | C71: ='Keleti csoport'!C14 -> Debrecen | D71: ='Keleti csoport'!D14 -> Keleti | E71: ='Keleti csoport'!E14 -> aktív | K71: =[1]mátrix!J37 -> 1 | L71: H1 | O71: =[1]mátrix!N37 -> H1 | P71: =[1]mátrix!O37 -> H2 | Q71: =[1]mátrix!P37 -> H1 | AC71: =IF(VLOOKUP(A71,Beosztás!A:F,6,0)="Igen","Igen","") | AD71: =IF(VLOOKUP(A71,Beosztás!A:G,7,0)="igen","igen","")
A72: ='Keleti csoport'!A16 -> Rémiásné Szabó Ágnes | B72: ='Keleti csoport'!B16 -> SZABÓ ZSUZSANNA | C72: ='Keleti csoport'!C16 -> Miskolc | D72: ='Keleti csoport'!D16 -> Keleti | E72: ='Keleti csoport'!E16 -> aktív | F72: H1 | K72: 1 | M72: H1 | O72: H1 | Q72: H1 | X72: 3 | AC72: =IF(VLOOKUP(A72,Beosztás!A:F,6,0)="Igen","Igen","") | AD72: =IF(VLOOKUP(A72,Beosztás!A:G,7,0)="igen","igen","")
A73: ='Keleti csoport'!A17 -> 0 | B73: ='Keleti csoport'!B17 -> 0 | C73: ='Keleti csoport'!C17 -> 0 | D73: ='Keleti csoport'!D17 -> 0 | E73: ='Keleti csoport'!E17 -> 0 | AC73: =IF(VLOOKUP(A73,Beosztás!A:F,6,0)="Igen","Igen","") | AD73: =IF(VLOOKUP(A73,Beosztás!A:G,7,0)="igen","igen","")
A74: ='Keleti csoport'!A18 -> 0 | B74: ='Keleti csoport'!B18 -> 0 | C74: ='Keleti csoport'!C18 -> 0 | D74: ='Keleti csoport'!D18 -> 0 | E74: ='Keleti csoport'!E18 -> 0 | AC74: =IF(VLOOKUP(A74,Beosztás!A:F,6,0)="Igen","Igen","") | AD74: =IF(VLOOKUP(A74,Beosztás!A:G,7,0)="igen","igen","")
A75: ='Keleti csoport'!A19 -> 0 | B75: ='Keleti csoport'!B19 -> 0 | C75: ='Keleti csoport'!C19 -> 0 | D75: ='Keleti csoport'!D19 -> 0 | E75: ='Keleti csoport'!E19 -> 0 | AC75: =IF(VLOOKUP(A75,Beosztás!A:F,6,0)="Igen","Igen","") | AD75: =IF(VLOOKUP(A75,Beosztás!A:G,7,0)="igen","igen","")
A76: ='Keleti csoport'!A20 -> 0 | B76: ='Keleti csoport'!B20 -> 0 | C76: ='Keleti csoport'!C20 -> 0 | D76: ='Keleti csoport'!D20 -> 0 | E76: ='Keleti csoport'!E20 -> 0 | AC76: =IF(VLOOKUP(A76,Beosztás!A:F,6,0)="Igen","Igen","") | AD76: =IF(VLOOKUP(A76,Beosztás!A:G,7,0)="igen","igen","")
A77: ='Keleti csoport'!A21 -> 0 | B77: ='Keleti csoport'!B21 -> 0 | C77: ='Keleti csoport'!C21 -> 0 | D77: ='Keleti csoport'!D21 -> 0 | E77: ='Keleti csoport'!E21 -> 0 | AC77: =IF(VLOOKUP(A77,Beosztás!A:F,6,0)="Igen","Igen","") | AD77: =IF(VLOOKUP(A77,Beosztás!A:G,7,0)="igen","igen","")
A78: ='Keleti csoport'!A22 -> 0 | B78: ='Keleti csoport'!B22 -> 0 | C78: ='Keleti csoport'!C22 -> 0 | D78: ='Keleti csoport'!D22 -> 0 | E78: ='Keleti csoport'!E22 -> 0 | AC78: =IF(VLOOKUP(A78,Beosztás!A:F,6,0)="Igen","Igen","") | AD78: =IF(VLOOKUP(A78,Beosztás!A:G,7,0)="igen","igen","")
A79: ='Keleti csoport'!A23 -> 0 | B79: ='Keleti csoport'!B23 -> 0 | C79: ='Keleti csoport'!C23 -> 0 | D79: ='Keleti csoport'!D23 -> 0 | E79: ='Keleti csoport'!E23 -> 0 | AC79: =IF(VLOOKUP(A79,Beosztás!A:F,6,0)="Igen","Igen","") | AD79: =IF(VLOOKUP(A79,Beosztás!A:G,7,0)="igen","igen","")
A80: ='Keleti csoport'!A24 -> 0 | B80: ='Keleti csoport'!B24 -> 0 | C80: ='Keleti csoport'!C24 -> 0 | D80: ='Keleti csoport'!D24 -> 0 | E80: ='Keleti csoport'!E24 -> 0 | AC80: =IF(VLOOKUP(A80,Beosztás!A:F,6,0)="Igen","Igen","") | AD80: =IF(VLOOKUP(A80,Beosztás!A:G,7,0)="igen","igen","")
A81: ='Keleti csoport'!A25 -> 0 | B81: ='Keleti csoport'!B25 -> 0 | C81: ='Keleti csoport'!C25 -> 0 | D81: ='Keleti csoport'!D25 -> 0 | E81: ='Keleti csoport'!E25 -> 0 | AC81: =IF(VLOOKUP(A81,Beosztás!A:F,6,0)="Igen","Igen","") | AD81: =IF(VLOOKUP(A81,Beosztás!A:G,7,0)="igen","igen","")
A82: ='Keleti csoport'!A26 -> 0 | B82: ='Keleti csoport'!B26 -> 0 | C82: ='Keleti csoport'!C26 -> 0 | D82: ='Keleti csoport'!D26 -> 0 | E82: ='Keleti csoport'!E26 -> 0 | AC82: =IF(VLOOKUP(A82,Beosztás!A:F,6,0)="Igen","Igen","") | AD82: =IF(VLOOKUP(A82,Beosztás!A:G,7,0)="igen","igen","")
A83: ='Keleti csoport'!A27 -> 0 | B83: ='Keleti csoport'!B27 -> 0 | C83: ='Keleti csoport'!C27 -> 0 | D83: ='Keleti csoport'!D27 -> 0 | E83: ='Keleti csoport'!E27 -> 0 | AC83: =IF(VLOOKUP(A83,Beosztás!A:F,6,0)="Igen","Igen","") | AD83: =IF(VLOOKUP(A83,Beosztás!A:G,7,0)="igen","igen","")
A84: ='Keleti csoport'!A28 -> 0 | B84: ='Keleti csoport'!B28 -> 0 | C84: ='Keleti csoport'!C28 -> 0 | D84: ='Keleti csoport'!D28 -> 0 | E84: ='Keleti csoport'!E28 -> 0 | AC84: =IF(VLOOKUP(A84,Beosztás!A:F,6,0)="Igen","Igen","") | AD84: =IF(VLOOKUP(A84,Beosztás!A:G,7,0)="igen","igen","")
... A119: ='Keleti csoport'!A63 -> Klára | B119: ='Keleti csoport'!B63 -> 0 | C119: ='Keleti csoport'!C63 -> 0 | D119: ='Keleti csoport'!D63 -> 0 | E119: ='Keleti csoport'!E63 -> inaktív | AC119: =IF(VLOOKUP(A119,Beosztás!A:F,6,0)="Igen","Igen","") | AD119: =IF(VLOOKUP(A119,Beosztás!A:G,7,0)="igen","igen","")
A120: ='Nyugati csoport'!A4 -> Mihóczi-Kántor Petra | B120: ='Nyugati csoport'!B4 -> SEBESTYÉN TÍMEA | C120: ='Nyugati csoport'!C4 -> Pécs | D120: ='Nyugati csoport'!D4 -> Nyugati | E120: ='Nyugati csoport'!E4 -> aktív | J120: =[1]mátrix!I38 -> H1 | K120: =[1]mátrix!J38 -> 1 | L120: =[1]mátrix!K38 -> H1 | M120: =[1]mátrix!L38 -> H1 | O120: =[1]mátrix!N38 -> H1 | Q120: =[1]mátrix!P38 -> H1 | AC120: =IF(VLOOKUP(A120,Beosztás!A:F,6,0)="Igen","Igen","") | AD120: =IF(VLOOKUP(A120,Beosztás!A:G,7,0)="igen","igen","")
A121: ='Nyugati csoport'!A5 -> Ravasz Cecília | B121: ='Nyugati csoport'!B5 -> SEBESTYÉN TÍMEA | C121: ='Nyugati csoport'!C5 -> Pécs | D121: ='Nyugati csoport'!D5 -> Nyugati | E121: ='Nyugati csoport'!E5 -> aktív | J121: H1 | K121: =[1]mátrix!J39 -> 1 | L121: =[1]mátrix!K39 -> H1 | O121: =[1]mátrix!N39 -> H1 | Q121: =[1]mátrix!P39 -> H1 | AC121: =IF(VLOOKUP(A121,Beosztás!A:F,6,0)="Igen","Igen","") -> Igen | AD121: =IF(VLOOKUP(A121,Beosztás!A:G,7,0)="igen","igen","")
A122: ='Nyugati csoport'!A6 -> Tamon Orsolya | B122: ='Nyugati csoport'!B6 -> SEBESTYÉN TÍMEA | C122: ='Nyugati csoport'!C6 -> Pécs | D122: ='Nyugati csoport'!D6 -> Nyugati | E122: ='Nyugati csoport'!E6 -> aktív | J122: =[1]mátrix!I40 -> KF | K122: =[1]mátrix!J40 -> 1 | L122: =[1]mátrix!K40 -> H1 | M122: =[1]mátrix!L40 -> H1 | O122: =[1]mátrix!N40 -> H1 | Q122: =[1]mátrix!P40 -> H1 | AC122: =IF(VLOOKUP(A122,Beosztás!A:F,6,0)="Igen","Igen","") | AD122: =IF(VLOOKUP(A122,Beosztás!A:G,7,0)="igen","igen","")
A123: ='Nyugati csoport'!A7 -> Demecs Anett | B123: ='Nyugati csoport'!B7 -> SEBESTYÉN TÍMEA | C123: ='Nyugati csoport'!C7 -> Székesfehérvár | D123: ='Nyugati csoport'!D7 -> Nyugati | E123: ='Nyugati csoport'!E7 -> aktív | F123: =[1]mátrix!E41 -> H1 | J123: =[1]mátrix!I41 -> H1 | K123: =[1]mátrix!J41 -> 1 | L123: =[1]mátrix!K41 -> H1 | O123: =[1]mátrix!N41 -> H1 | Q123: =[1]mátrix!P41 -> H1 | AC123: =IF(VLOOKUP(A123,Beosztás!A:F,6,0)="Igen","Igen","") | AD123: =IF(VLOOKUP(A123,Beosztás!A:G,7,0)="igen","igen","")
A124: ='Nyugati csoport'!A8 -> Gál Krisztina | B124: ='Nyugati csoport'!B8 -> SEBESTYÉN TÍMEA | C124: ='Nyugati csoport'!C8 -> Székesfehérvár | D124: ='Nyugati csoport'!D8 -> Nyugati | E124: ='Nyugati csoport'!E8 -> aktív | F124: =[1]mátrix!E42 -> H1 | J124: =[1]mátrix!I42 -> H1 | K124: =[1]mátrix!J42 -> 1 | L124: =[1]mátrix!K42 -> H1 | O124: =[1]mátrix!N42 -> H1 | Q124: =[1]mátrix!P42 -> H1 | AC124: =IF(VLOOKUP(A124,Beosztás!A:F,6,0)="Igen","Igen","") | AD124: =IF(VLOOKUP(A124,Beosztás!A:G,7,0)="igen","igen","")
A125: ='Nyugati csoport'!A9 -> Ivánka-Varga Eszter | B125: ='Nyugati csoport'!B9 -> SEBESTYÉN TÍMEA | C125: ='Nyugati csoport'!C9 -> Székesfehérvár | D125: ='Nyugati csoport'!D9 -> Nyugati | E125: ='Nyugati csoport'!E9 -> aktív | J125: =[1]mátrix!I43 -> H1 | K125: =[1]mátrix!J43 -> 1 | L125: =[1]mátrix!K43 -> H1 | O125: =[1]mátrix!N43 -> H1 | Q125: =[1]mátrix!P43 -> H1 | AC125: =IF(VLOOKUP(A125,Beosztás!A:F,6,0)="Igen","Igen","") | AD125: =IF(VLOOKUP(A125,Beosztás!A:G,7,0)="igen","igen","")
A126: ='Nyugati csoport'!A10 -> Sveininger Szilvia | B126: ='Nyugati csoport'!B10 -> SEBESTYÉN TÍMEA | C126: ='Nyugati csoport'!C10 -> Székesfehérvár | D126: ='Nyugati csoport'!D10 -> Nyugati | E126: ='Nyugati csoport'!E10 -> aktív | F126: =[1]mátrix!E44 -> H1 | J126: =[1]mátrix!I44 -> H1 | K126: =[1]mátrix!J44 -> 1 | L126: =[1]mátrix!K44 -> H1 | O126: =[1]mátrix!N44 -> H1 | Q126: =[1]mátrix!P44 -> H1 | AC126: =IF(VLOOKUP(A126,Beosztás!A:F,6,0)="Igen","Igen","") | AD126: =IF(VLOOKUP(A126,Beosztás!A:G,7,0)="igen","igen","")
A127: ='Nyugati csoport'!A11 -> Szanyi Vivien | B127: ='Nyugati csoport'!B11 -> SEBESTYÉN TÍMEA | C127: ='Nyugati csoport'!C11 -> Székesfehérvár | D127: ='Nyugati csoport'!D11 -> Nyugati | E127: ='Nyugati csoport'!E11 -> aktív | J127: =[1]mátrix!I45 -> H1 | K127: =[1]mátrix!J45 -> 1 | L127: =[1]mátrix!K45 -> H1 | O127: =[1]mátrix!N45 -> H1 | Q127: =[1]mátrix!P45 -> H1 | AC127: =IF(VLOOKUP(A127,Beosztás!A:F,6,0)="Igen","Igen","") | AD127: =IF(VLOOKUP(A127,Beosztás!A:G,7,0)="igen","igen","")
A128: ='Nyugati csoport'!A12 -> Fekete Dóra Lina | B128: ='Nyugati csoport'!B12 -> SEBESTYÉN TÍMEA | C128: ='Nyugati csoport'!C12 -> Mosonmagyaróvár | D128: ='Nyugati csoport'!D12 -> Nyugati | E128: ='Nyugati csoport'!E12 -> aktív | J128: =[1]mátrix!I46 -> H1 | K128: =[1]mátrix!J46 -> 1 | O128: =[1]mátrix!N46 -> H1 | Q128: =[1]mátrix!P46 -> H1 | AC128: =IF(VLOOKUP(A128,Beosztás!A:F,6,0)="Igen","Igen","") | AD128: =IF(VLOOKUP(A128,Beosztás!A:G,7,0)="igen","igen","")
A129: ='Nyugati csoport'!A13 -> Földes Tímea | B129: ='Nyugati csoport'!B13 -> SEBESTYÉN TÍMEA | C129: ='Nyugati csoport'!C13 -> Mosonmagyaróvár | D129: ='Nyugati csoport'!D13 -> Nyugati | E129: ='Nyugati csoport'!E13 -> aktív | J129: =[1]mátrix!I47 -> H1 | K129: =[1]mátrix!J47 -> 1 | O129: =[1]mátrix!N47 -> H1 | Q129: =[1]mátrix!P47 -> H1 | AC129: =IF(VLOOKUP(A129,Beosztás!A:F,6,0)="Igen","Igen","") | AD129: =IF(VLOOKUP(A129,Beosztás!A:G,7,0)="igen","igen","")
A130: ='Nyugati csoport'!A14 -> Machekné Szabó Noémi | B130: ='Nyugati csoport'!B14 -> SEBESTYÉN TÍMEA | C130: ='Nyugati csoport'!C14 -> Mosonmagyaróvár | D130: ='Nyugati csoport'!D14 -> Nyugati | E130: ='Nyugati csoport'!E14 -> aktív | F130: =[1]mátrix!E49 -> H1 | J130: =[1]mátrix!I49 -> KF | K130: =[1]mátrix!J49 -> 1 | L130: =[1]mátrix!K49 -> H1 | M130: =[1]mátrix!L49 -> H1 | O130: =[1]mátrix!N49 -> H1 | Q130: =[1]mátrix!P49 -> H1 | AC130: =IF(VLOOKUP(A130,Beosztás!A:F,6,0)="Igen","Igen","") | AD130: =IF(VLOOKUP(A130,Beosztás!A:G,7,0)="igen","igen","")
A131: ='Nyugati csoport'!A15 -> Weneszné Czank Krisztina | B131: ='Nyugati csoport'!B15 -> SEBESTYÉN TÍMEA | C131: ='Nyugati csoport'!C15 -> Mosonmagyaróvár | D131: ='Nyugati csoport'!D15 -> Nyugati | E131: ='Nyugati csoport'!E15 -> aktív | AC131: =IF(VLOOKUP(A131,Beosztás!A:F,6,0)="Igen","Igen","") | AD131: =IF(VLOOKUP(A131,Beosztás!A:G,7,0)="igen","igen","")
A132: ='Nyugati csoport'!A16 -> 0 | B132: ='Nyugati csoport'!B16 -> 0 | C132: ='Nyugati csoport'!C16 -> 0 | D132: ='Nyugati csoport'!D16 -> 0 | E132: ='Nyugati csoport'!E16 -> 0 | AC132: =IF(VLOOKUP(A132,Beosztás!A:F,6,0)="Igen","Igen","") | AD132: =IF(VLOOKUP(A132,Beosztás!A:G,7,0)="igen","igen","")
A133: ='Nyugati csoport'!A17 -> 0 | B133: ='Nyugati csoport'!B17 -> 0 | C133: ='Nyugati csoport'!C17 -> 0 | D133: ='Nyugati csoport'!D17 -> 0 | E133: ='Nyugati csoport'!E17 -> 0 | AC133: =IF(VLOOKUP(A133,Beosztás!A:F,6,0)="Igen","Igen","") | AD133: =IF(VLOOKUP(A133,Beosztás!A:G,7,0)="igen","igen","")
A134: ='Nyugati csoport'!A18 -> 0 | B134: ='Nyugati csoport'!B18 -> 0 | C134: ='Nyugati csoport'!C18 -> 0 | D134: ='Nyugati csoport'!D18 -> 0 | E134: ='Nyugati csoport'!E18 -> 0 | AC134: =IF(VLOOKUP(A134,Beosztás!A:F,6,0)="Igen","Igen","") | AD134: =IF(VLOOKUP(A134,Beosztás!A:G,7,0)="igen","igen","")
A135: ='Nyugati csoport'!A19 -> 0 | B135: ='Nyugati csoport'!B19 -> 0 | C135: ='Nyugati csoport'!C19 -> 0 | D135: ='Nyugati csoport'!D19 -> 0 | E135: ='Nyugati csoport'!E19 -> 0 | AC135: =IF(VLOOKUP(A135,Beosztás!A:F,6,0)="Igen","Igen","") | AD135: =IF(VLOOKUP(A135,Beosztás!A:G,7,0)="igen","igen","")
A136: ='Nyugati csoport'!A20 -> 0 | B136: ='Nyugati csoport'!B20 -> 0 | C136: ='Nyugati csoport'!C20 -> 0 | D136: ='Nyugati csoport'!D20 -> 0 | E136: ='Nyugati csoport'!E20 -> 0 | AC136: =IF(VLOOKUP(A136,Beosztás!A:F,6,0)="Igen","Igen","") | AD136: =IF(VLOOKUP(A136,Beosztás!A:G,7,0)="igen","igen","")
A137: ='Nyugati csoport'!A21 -> 0 | B137: ='Nyugati csoport'!B21 -> 0 | C137: ='Nyugati csoport'!C21 -> 0 | D137: ='Nyugati csoport'!D21 -> 0 | E137: ='Nyugati csoport'!E21 -> 0 | AC137: =IF(VLOOKUP(A137,Beosztás!A:F,6,0)="Igen","Igen","") | AD137: =IF(VLOOKUP(A137,Beosztás!A:G,7,0)="igen","igen","")
A138: ='Nyugati csoport'!A22 -> 0 | B138: ='Nyugati csoport'!B22 -> 0 | C138: ='Nyugati csoport'!C22 -> 0 | D138: ='Nyugati csoport'!D22 -> 0 | E138: ='Nyugati csoport'!E22 -> 0 | AC138: =IF(VLOOKUP(A138,Beosztás!A:F,6,0)="Igen","Igen","") | AD138: =IF(VLOOKUP(A138,Beosztás!A:G,7,0)="igen","igen","")
A139: ='Nyugati csoport'!A23 -> 0 | B139: ='Nyugati csoport'!B23 -> 0 | C139: ='Nyugati csoport'!C23 -> 0 | D139: ='Nyugati csoport'!D23 -> 0 | E139: ='Nyugati csoport'!E23 -> 0 | AC139: =IF(VLOOKUP(A139,Beosztás!A:F,6,0)="Igen","Igen","") | AD139: =IF(VLOOKUP(A139,Beosztás!A:G,7,0)="igen","igen","")
A140: ='Nyugati csoport'!A24 -> 0 | B140: ='Nyugati csoport'!B24 -> 0 | C140: ='Nyugati csoport'!C24 -> 0 | D140: ='Nyugati csoport'!D24 -> 0 | E140: ='Nyugati csoport'!E24 -> 0 | AC140: =IF(VLOOKUP(A140,Beosztás!A:F,6,0)="Igen","Igen","") | AD140: =IF(VLOOKUP(A140,Beosztás!A:G,7,0)="igen","igen","")
A141: ='Nyugati csoport'!A25 -> 0 | B141: ='Nyugati csoport'!B25 -> 0 | C141: ='Nyugati csoport'!C25 -> 0 | D141: ='Nyugati csoport'!D25 -> 0 | E141: ='Nyugati csoport'!E25 -> 0 | AC141: =IF(VLOOKUP(A141,Beosztás!A:F,6,0)="Igen","Igen","") | AD141: =IF(VLOOKUP(A141,Beosztás!A:G,7,0)="igen","igen","")
A142: ='Nyugati csoport'!A26 -> 0 | B142: ='Nyugati csoport'!B26 -> 0 | C142: ='Nyugati csoport'!C26 -> 0 | D142: ='Nyugati csoport'!D26 -> 0 | E142: ='Nyugati csoport'!E26 -> 0 | AC142: =IF(VLOOKUP(A142,Beosztás!A:F,6,0)="Igen","Igen","") | AD142: =IF(VLOOKUP(A142,Beosztás!A:G,7,0)="igen","igen","")
... A168: ='Nyugati csoport'!A52 -> 0 | B168: ='Nyugati csoport'!B52 -> 0 | C168: ='Nyugati csoport'!C52 -> 0 | D168: ='Nyugati csoport'!D52 -> 0 | E168: ='Nyugati csoport'!E52 -> 0 | AC168: =IF(VLOOKUP(A168,Beosztás!A:F,6,0)="Igen","Igen","") | AD168: =IF(VLOOKUP(A168,Beosztás!A:G,7,0)="igen","igen","")
A169: ='CALL CENTER .csop '!A5 -> Balázs Andrea | B169: ='CALL CENTER .csop '!B5 -> MONDOK MARTIN | C169: ='CALL CENTER .csop '!C5 -> Gyöngyös | D169: ='CALL CENTER .csop '!D5 -> CALL CENTER | E169: ='CALL CENTER .csop '!E5 -> aktív | F169: =[1]mátrix!E3 -> 1 | I169: =[1]mátrix!H3 -> 1 | N169: =[1]mátrix!M3 -> H1 | O169: =[1]mátrix!N3 -> H1 | Q169: =[1]mátrix!P3 -> KV | AC169: =IF(VLOOKUP(A169,Beosztás!A:F,6,0)="Igen","Igen","") | AD169: =IF(VLOOKUP(A169,Beosztás!A:G,7,0)="igen","igen","")
A170: ='CALL CENTER .csop '!A6 -> Bolye-Gyenge Viktória | B170: ='CALL CENTER .csop '!B6 -> MONDOK MARTIN | C170: ='CALL CENTER .csop '!C6 -> Gyöngyös | D170: ='CALL CENTER .csop '!D6 -> CALL CENTER | E170: ='CALL CENTER .csop '!E6 -> aktív | F170: =[1]mátrix!E4 -> 1 | G170: =[1]mátrix!F4 -> 1 | I170: =[1]mátrix!H4 -> 1 | N170: =[1]mátrix!M4 -> H1 | O170: =[1]mátrix!N4 -> H1 | Q170: =[1]mátrix!P4 -> KV | AC170: =IF(VLOOKUP(A170,Beosztás!A:F,6,0)="Igen","Igen","") | AD170: =IF(VLOOKUP(A170,Beosztás!A:G,7,0)="igen","igen","")
A171: ='CALL CENTER .csop '!A7 -> Csákvári Georgina | B171: ='CALL CENTER .csop '!B7 -> MONDOK MARTIN | C171: ='CALL CENTER .csop '!C7 -> Gyöngyös | D171: ='CALL CENTER .csop '!D7 -> CALL CENTER | E171: ='CALL CENTER .csop '!E7 -> aktív | F171: =[1]mátrix!E5 -> 1 | I171: =[1]mátrix!H5 -> 1 | N171: =[1]mátrix!M5 -> H1 | O171: =[1]mátrix!N5 -> H1 | Q171: =[1]mátrix!P5 -> KV | AC171: =IF(VLOOKUP(A171,Beosztás!A:F,6,0)="Igen","Igen","") | AD171: =IF(VLOOKUP(A171,Beosztás!A:G,7,0)="igen","igen","")
A172: ='CALL CENTER .csop '!A8 -> Háger Nikolett | B172: ='CALL CENTER .csop '!B8 -> MONDOK MARTIN | C172: ='CALL CENTER .csop '!C8 -> Gyöngyös | D172: ='CALL CENTER .csop '!D8 -> CALL CENTER | E172: ='CALL CENTER .csop '!E8 -> aktív | F172: =[1]mátrix!E6 -> 1 | H172: =[1]mátrix!G6 -> 1 | I172: =[1]mátrix!H6 -> 1 | N172: =[1]mátrix!M6 -> H1 | O172: =[1]mátrix!N6 -> H1 | Q172: =[1]mátrix!P6 -> KV | AC172: =IF(VLOOKUP(A172,Beosztás!A:F,6,0)="Igen","Igen","") | AD172: =IF(VLOOKUP(A172,Beosztás!A:G,7,0)="igen","igen","") -> igen
A173: ='CALL CENTER .csop '!A9 -> Hajdú Viktória | B173: ='CALL CENTER .csop '!B9 -> MONDOK MARTIN | C173: ='CALL CENTER .csop '!C9 -> Gyöngyös | D173: ='CALL CENTER .csop '!D9 -> CALL CENTER | E173: ='CALL CENTER .csop '!E9 -> aktív | F173: =[1]mátrix!E7 -> 1 | G173: =[1]mátrix!F7 -> 1 | I173: =[1]mátrix!H7 -> 1 | N173: =[1]mátrix!M7 -> H1 | O173: =[1]mátrix!N7 -> H1 | Q173: =[1]mátrix!P7 -> KV | AC173: =IF(VLOOKUP(A173,Beosztás!A:F,6,0)="Igen","Igen","") -> Igen | AD173: =IF(VLOOKUP(A173,Beosztás!A:G,7,0)="igen","igen","")
A174: ='CALL CENTER .csop '!A10 -> Kobolák Erika | B174: ='CALL CENTER .csop '!B10 -> MONDOK MARTIN | C174: ='CALL CENTER .csop '!C10 -> Gyöngyös | D174: ='CALL CENTER .csop '!D10 -> CALL CENTER | E174: ='CALL CENTER .csop '!E10 -> aktív | F174: =[1]mátrix!E8 -> 1 | I174: =[1]mátrix!H8 -> 1 | N174: =[1]mátrix!M8 -> H1 | O174: =[1]mátrix!N8 -> H1 | Q174: =[1]mátrix!P8 -> KV | AC174: =IF(VLOOKUP(A174,Beosztás!A:F,6,0)="Igen","Igen","") | AD174: =IF(VLOOKUP(A174,Beosztás!A:G,7,0)="igen","igen","")
A175: ='CALL CENTER .csop '!A11 -> Nagy-Vona Bettina | B175: ='CALL CENTER .csop '!B11 -> MONDOK MARTIN | C175: ='CALL CENTER .csop '!C11 -> Gyöngyös | D175: ='CALL CENTER .csop '!D11 -> CALL CENTER | E175: ='CALL CENTER .csop '!E11 -> aktív | F175: =[1]mátrix!E10 -> 1 | G175: =[1]mátrix!F10 -> 1 | I175: =[1]mátrix!H10 -> 1 | N175: =[1]mátrix!M10 -> H1 | O175: =[1]mátrix!N10 -> H1 | Q175: =[1]mátrix!P10 -> KV | AC175: =IF(VLOOKUP(A175,Beosztás!A:F,6,0)="Igen","Igen","") | AD175: =IF(VLOOKUP(A175,Beosztás!A:G,7,0)="igen","igen","") -> igen
A176: ='CALL CENTER .csop '!A12 -> Ötvös Csaba | B176: ='CALL CENTER .csop '!B12 -> MONDOK MARTIN | C176: ='CALL CENTER .csop '!C12 -> Gyöngyös | D176: ='CALL CENTER .csop '!D12 -> CALL CENTER | E176: ='CALL CENTER .csop '!E12 -> aktív | F176: =[1]mátrix!E11 -> 1 | H176: =[1]mátrix!G11 -> 1 | I176: =[1]mátrix!H11 -> 1 | N176: =[1]mátrix!M11 -> H1 | O176: =[1]mátrix!N11 -> H1 | Q176: =[1]mátrix!P11 -> KV | AC176: =IF(VLOOKUP(A176,Beosztás!A:F,6,0)="Igen","Igen","") -> Igen | AD176: =IF(VLOOKUP(A176,Beosztás!A:G,7,0)="igen","igen","")
A177: ='CALL CENTER .csop '!A13 -> Szabóné Török Zsuzsanna | B177: ='CALL CENTER .csop '!B13 -> MONDOK MARTIN | C177: ='CALL CENTER .csop '!C13 -> Gyöngyös | D177: ='CALL CENTER .csop '!D13 -> CALL CENTER | E177: ='CALL CENTER .csop '!E13 -> aktív | F177: =[1]mátrix!E12 -> 1 | I177: =[1]mátrix!H12 -> 1 | J177: =[1]mátrix!I12 -> KF | N177: =[1]mátrix!M12 -> H1 | O177: =[1]mátrix!N12 -> H1 | Q177: =[1]mátrix!P12 -> KV | AC177: =IF(VLOOKUP(A177,Beosztás!A:F,6,0)="Igen","Igen","") | AD177: =IF(VLOOKUP(A177,Beosztás!A:G,7,0)="igen","igen","")
A178: ='CALL CENTER .csop '!A14 -> Szalóki Éva | B178: ='CALL CENTER .csop '!B14 -> MONDOK MARTIN | C178: ='CALL CENTER .csop '!C14 -> Gyöngyös | D178: ='CALL CENTER .csop '!D14 -> CALL CENTER | E178: ='CALL CENTER .csop '!E14 -> aktív | F178: =[1]mátrix!E13 -> 1 | G178: =[1]mátrix!F13 -> 1 | I178: =[1]mátrix!H13 -> 1 | J178: =[1]mátrix!I13 -> KF | K178: =[1]mátrix!J13 -> 3 | N178: =[1]mátrix!M13 -> H1 | O178: =[1]mátrix!N13 -> H1 | Q178: =[1]mátrix!P13 -> KV | AB178: =[1]mátrix!AA13 -> 1 | AC178: =IF(VLOOKUP(A178,Beosztás!A:F,6,0)="Igen","Igen","") -> Igen | AD178: =IF(VLOOKUP(A178,Beosztás!A:G,7,0)="igen","igen","")
A179: ='CALL CENTER .csop '!A15 -> Kovács Róbert | B179: ='CALL CENTER .csop '!B15 -> MONDOK MARTIN | C179: ='CALL CENTER .csop '!C15 -> Szolnok | D179: ='CALL CENTER .csop '!D15 -> CALL CENTER | E179: ='CALL CENTER .csop '!E15 -> aktív | F179: =[1]mátrix!E14 -> 1 | I179: =[1]mátrix!H14 -> 1 | N179: =[1]mátrix!M14 -> H1 | O179: =[1]mátrix!N14 -> H1 | Q179: =[1]mátrix!P14 -> KV | AC179: =IF(VLOOKUP(A179,Beosztás!A:F,6,0)="Igen","Igen","") -> Igen | AD179: =IF(VLOOKUP(A179,Beosztás!A:G,7,0)="igen","igen","") -> igen
A180: ='CALL CENTER .csop '!A16 -> Ökrös Lajos | B180: ='CALL CENTER .csop '!B16 -> MONDOK MARTIN | C180: ='CALL CENTER .csop '!C16 -> Szolnok | D180: ='CALL CENTER .csop '!D16 -> CALL CENTER | E180: ='CALL CENTER .csop '!E16 -> aktív | F180: =[1]mátrix!E15 -> 1 | G180: =[1]mátrix!F15 -> 1 | I180: =[1]mátrix!H15 -> 1 | N180: =[1]mátrix!M15 -> H1 | O180: =[1]mátrix!N15 -> H1 | Q180: =[1]mátrix!P15 -> KV | AB180: =[1]mátrix!AA15 -> 1 | AC180: =IF(VLOOKUP(A180,Beosztás!A:F,6,0)="Igen","Igen","") | AD180: =IF(VLOOKUP(A180,Beosztás!A:G,7,0)="igen","igen","")
A181: ='CALL CENTER .csop '!A17 -> Ujhelyi Ágnes | B181: ='CALL CENTER .csop '!B17 -> MONDOK MARTIN | C181: ='CALL CENTER .csop '!C17 -> M3 | D181: ='CALL CENTER .csop '!D17 -> CALL CENTER | E181: ='CALL CENTER .csop '!E17 -> aktív | F181: =[1]mátrix!E16 -> 1 | H181: =[1]mátrix!G16 -> 1 | I181: =[1]mátrix!H16 -> 1 | N181: =[1]mátrix!M16 -> H1 | O181: =[1]mátrix!N16 -> H1 | Q181: =[1]mátrix!P16 -> H1 | AC181: =IF(VLOOKUP(A181,Beosztás!A:F,6,0)="Igen","Igen","") | AD181: =IF(VLOOKUP(A181,Beosztás!A:G,7,0)="igen","igen","") -> igen
A182: ='CALL CENTER .csop '!A18 -> Paál-Bíró Henriett | B182: ='CALL CENTER .csop '!B18 -> MONDOK MARTIN | C182: ='CALL CENTER .csop '!C18 -> Gyöngyös | D182: ='CALL CENTER .csop '!D18 -> CALL CENTER | E182: ='CALL CENTER .csop '!E18 -> aktív | AC182: =IF(VLOOKUP(A182,Beosztás!A:F,6,0)="Igen","Igen","") -> Igen | AD182: =IF(VLOOKUP(A182,Beosztás!A:G,7,0)="igen","igen","")
A183: ='CALL CENTER .csop '!A19 -> 0 | B183: ='CALL CENTER .csop '!B19 -> 0 | C183: ='CALL CENTER .csop '!C19 -> 0 | D183: ='CALL CENTER .csop '!D19 -> 0 | E183: ='CALL CENTER .csop '!E19 -> 0 | AC183: =IF(VLOOKUP(A183,Beosztás!A:F,6,0)="Igen","Igen","") | AD183: =IF(VLOOKUP(A183,Beosztás!A:G,7,0)="igen","igen","")
A184: ='CALL CENTER .csop '!A20 -> 0 | B184: ='CALL CENTER .csop '!B20 -> 0 | C184: ='CALL CENTER .csop '!C20 -> 0 | D184: ='CALL CENTER .csop '!D20 -> 0 | E184: ='CALL CENTER .csop '!E20 -> 0 | AC184: =IF(VLOOKUP(A184,Beosztás!A:F,6,0)="Igen","Igen","") | AD184: =IF(VLOOKUP(A184,Beosztás!A:G,7,0)="igen","igen","")
A185: ='CALL CENTER .csop '!A21 -> 0 | B185: ='CALL CENTER .csop '!B21 -> 0 | C185: ='CALL CENTER .csop '!C21 -> 0 | D185: ='CALL CENTER .csop '!D21 -> 0 | E185: ='CALL CENTER .csop '!E21 -> 0 | AC185: =IF(VLOOKUP(A185,Beosztás!A:F,6,0)="Igen","Igen","") | AD185: =IF(VLOOKUP(A185,Beosztás!A:G,7,0)="igen","igen","")
A186: ='CALL CENTER .csop '!A22 -> 0 | B186: ='CALL CENTER .csop '!B22 -> 0 | C186: ='CALL CENTER .csop '!C22 -> 0 | D186: ='CALL CENTER .csop '!D22 -> 0 | E186: ='CALL CENTER .csop '!E22 -> 0 | AC186: =IF(VLOOKUP(A186,Beosztás!A:F,6,0)="Igen","Igen","") | AD186: =IF(VLOOKUP(A186,Beosztás!A:G,7,0)="igen","igen","")
A187: ='CALL CENTER .csop '!A23 -> 0 | B187: ='CALL CENTER .csop '!B23 -> 0 | C187: ='CALL CENTER .csop '!C23 -> 0 | D187: ='CALL CENTER .csop '!D23 -> 0 | E187: ='CALL CENTER .csop '!E23 -> 0 | AC187: =IF(VLOOKUP(A187,Beosztás!A:F,6,0)="Igen","Igen","") | AD187: =IF(VLOOKUP(A187,Beosztás!A:G,7,0)="igen","igen","")
A188: ='CALL CENTER .csop '!A24 -> 0 | B188: ='CALL CENTER .csop '!B24 -> 0 | C188: ='CALL CENTER .csop '!C24 -> 0 | D188: ='CALL CENTER .csop '!D24 -> 0 | E188: ='CALL CENTER .csop '!E24 -> 0 | AC188: =IF(VLOOKUP(A188,Beosztás!A:F,6,0)="Igen","Igen","") | AD188: =IF(VLOOKUP(A188,Beosztás!A:G,7,0)="igen","igen","")
A189: ='CALL CENTER .csop '!A25 -> 0 | B189: ='CALL CENTER .csop '!B25 -> 0 | C189: ='CALL CENTER .csop '!C25 -> 0 | D189: ='CALL CENTER .csop '!D25 -> 0 | E189: ='CALL CENTER .csop '!E25 -> 0 | AC189: =IF(VLOOKUP(A189,Beosztás!A:F,6,0)="Igen","Igen","") | AD189: =IF(VLOOKUP(A189,Beosztás!A:G,7,0)="igen","igen","")
...

Sheet ÜGYFÉLLEVELEZÉS.csop.
R1: =Beosztás!T1 -> 2026.03.01 | S1: =R1+1 -> 46083 | T1: =S1+1 -> 46084 | U1: =T1+1 -> 46085 | V1: =U1+1 -> 46086 | W1: =V1+1 -> 46087 | X1: =W1+1 -> 46088 | Y1: =X1+1 -> 46089 | Z1: =Y1+1 -> 46090 | ... AV1: =AU1+1 -> 46112 | AW1: Összes munkanap szabadsággal | AX1: Összegző
R2: =WEEKDAY(R1) -> 1 | S2: =WEEKDAY(S1) -> 2 | T2: =WEEKDAY(T1) -> 3 | U2: =WEEKDAY(U1) -> 4 | V2: =WEEKDAY(V1) -> 5 | W2: =WEEKDAY(W1) -> 6 | X2: =WEEKDAY(X1) -> 7 | Y2: =WEEKDAY(Y1) -> 1 | ... AV2: =WEEKDAY(AV1) -> 3
F3: Angol nyelv | G3: Német nyelv | H3: Személyes Üszi | I3: HD Levél | J3: UD levél | K3: Angol levél | L3: Jogsegély | M3: CC | N3: Video | O3: Belfölfi ügykezelés | P3: Külföldi ügykezelés | Q3: E-csoportos | R3: =IF(R2=1,"Vasárnap",IF(R2=2,"Hétfő",IF(R2=3,"Kedd",IF(R2=4,"Szerda",IF(R2=5,"Csütörtök",IF(R2=6,"Péntek",IF(R2=7,"Szombat",""))))))) -> Vasárnap | S3: =IF(S2=1,"Vasárnap",IF(S2=2,"Hétfő",IF(S2=3,"Kedd",IF(S2=4,"Szerda",IF(S2=5,"Csütörtök",IF(S2=6,"Péntek",IF(S2=7,"Szombat",""))))))) -> Hétfő | T3: =IF(T2=1,"Vasárnap",IF(T2=2,"Hétfő",IF(T2=3,"Kedd",IF(T2=4,"Szerda",IF(T2=5,"Csütörtök",IF(T2=6,"Péntek",IF(T2=7,"Szombat",""))))))) -> Kedd | U3: =IF(U2=1,"Vasárnap",IF(U2=2,"Hétfő",IF(U2=3,"Kedd",IF(U2=4,"Szerda",IF(U2=5,"Csütörtök",IF(U2=6,"Péntek",IF(U2=7,"Szombat",""))))))) -> Szerda | V3: =IF(V2=1,"Vasárnap",IF(V2=2,"Hétfő",IF(V2=3,"Kedd",IF(V2=4,"Szerda",IF(V2=5,"Csütörtök",IF(V2=6,"Péntek",IF(V2=7,"Szombat",""))))))) -> Csütörtök | W3: =IF(W2=1,"Vasárnap",IF(W2=2,"Hétfő",IF(W2=3,"Kedd",IF(W2=4,"Szerda",IF(W2=5,"Csütörtök",IF(W2=6,"Péntek",IF(W2=7,"Szombat",""))))))) -> Péntek | X3: =IF(X2=1,"Vasárnap",IF(X2=2,"Hétfő",IF(X2=3,"Kedd",IF(X2=4,"Szerda",IF(X2=5,"Csütörtök",IF(X2=6,"Péntek",IF(X2=7,"Szombat",""))))))) -> Szombat | Y3: =IF(Y2=1,"Vasárnap",IF(Y2=2,"Hétfő",IF(Y2=3,"Kedd",IF(Y2=4,"Szerda",IF(Y2=5,"Csütörtök",IF(Y2=6,"Péntek",IF(Y2=7,"Szombat",""))))))) -> Vasárnap | ... AV3: =IF(AV2=1,"Vasárnap",IF(AV2=2,"Hétfő",IF(AV2=3,"Kedd",IF(AV2=4,"Szerda",IF(AV2=5,"Csütörtök",IF(AV2=6,"Péntek",IF(AV2=7,"Szombat",""))))))) -> Kedd | AX3: Angol levelezés | AY3: angol SOS | AZ3: Betanítás | BA3: Betanulás | BB3: CC | BC3: CC angol | BD3: CC német | BE3: CC NM | BF3: e-csoportos | BG3: Egyéb ügyintézés | BH3: KPLLC ügyintézés | BI3: E-ÜSZI | BJ3: HUGO | BK3: HUGO (@) | BL3: Iktatás | BM3: Jelölő (@) | BN3: Jogsegély levelezés | BO3: Jogsegély szignálás | BP3: Külföldi irodák | BQ3: Levélírás | BR3: Panaszkezelés | BS3: Postakönyv | BT3: Tesztelés | BU3: ÜSZI | BV3: Video | BW3: Oktatás - külső | BX3: P | BY3: B | BZ3: SZ | CA3: Video 8-16 | CB3: Video 9-17 | CC3: Video 10-18
A4: Név | B4: Csoport vezető | C4: Terület | D4: Csoport | E4: státusz | CA4: =COUNTIF($R4:$AV4,CA$3) -> 0 | CB4: =COUNTIF($R4:$AV4,CB$3) -> 0 | CC4: =COUNTIF($R4:$AV4,CC$3) -> 0
A5: =admin_Levelezés!A2 -> Ádám Zoltán | B5: =admin_Levelezés!B2 -> SZABÓ ÁGNES | C5: =admin_Levelezés!C2 -> Gyöngyös | D5: =admin_Levelezés!D2 -> ÜGYFÉLLEVELEZÉS | E5: =admin_Levelezés!E2 -> aktív | F5: =admin_Levelezés!F2 -> nem | G5: =admin_Levelezés!G2 -> 0 | H5: =admin_Levelezés!H2 -> nem | ... Q5: =admin_Levelezés!Q2 -> 0 | S5: HUGO (@) | T5: HUGO (@) | U5: HUGO | V5: HUGO | W5: HUGO | Z5: HUGO (@) | AA5: HUGO (@) | AB5: HUGO | AC5: HUGO | AD5: HUGO | AG5: HUGO (@) | AH5: HUGO (@) | AI5: HUGO | AJ5: HUGO | AK5: HUGO | AN5: HUGO (@) | AO5: HUGO (@) | AP5: HUGO | AQ5: HUGO | AR5: HUGO | AU5: HUGO (@) | AV5: HUGO (@) | AW5: =SUM(AX5:BW5)+BZ5 -> 22 | AX5: =COUNTIF($R5:$AV5,AX$3) -> 0 | AY5: =COUNTIF($R5:$AV5,AY$3) -> 0 | AZ5: =COUNTIF($R5:$AV5,AZ$3) -> 0 | BA5: =COUNTIF($R5:$AV5,BA$3) -> 0 | BB5: =COUNTIF($R5:$AV5,BB$3) -> 0 | BC5: =COUNTIF($R5:$AV5,BC$3) -> 0 | BD5: =COUNTIF($R5:$AV5,BD$3) -> 0 | BE5: =COUNTIF($R5:$AV5,BE$3) -> 0 | ... BP5: =COUNTIF($R5:$AV5,BP$3) -> 0 | BQ5: =COUNTIF($R5:$AV5,BQ$3)+COUNTIF($R5:$AV5,"levelezés em") -> 0 | BR5: =COUNTIF($R5:$AV5,BR$3) -> 0 | BS5: =COUNTIF($R5:$AV5,BS$3) -> 0 | BT5: =COUNTIF($R5:$AV5,BT$3) -> 0 | BU5: =COUNTIF($R5:$AV5,BU$3) -> 0 | BV5: =SUM(CA5:CC5) -> 0 | BW5: =COUNTIF($R5:$AV5,BW$3) -> 0 | BX5: =COUNTIF($R5:$AV5,BX$3) -> 0 | BY5: =COUNTIF($R5:$AV5,BY$3) -> 0 | BZ5: =COUNTIF($R5:$AV5,BZ$3) -> 0 | CA5: =COUNTIF($R5:$AV5,CA$3) -> 0 | CB5: =COUNTIF($R5:$AV5,CB$3) -> 0 | CC5: =COUNTIF($R5:$AV5,CC$3) -> 0
A6: =admin_Levelezés!A3 -> Bolyhosné Kovács Judit | B6: =admin_Levelezés!B3 -> SZABÓ ÁGNES | C6: =admin_Levelezés!C3 -> Gyöngyös | D6: =admin_Levelezés!D3 -> ÜGYFÉLLEVELEZÉS | E6: =admin_Levelezés!E3 -> aktív | F6: nem | G6: 0 | H6: nem | I6: igen | J6: nem | K6: nem | L6: nem | M6: nem | N6: nem | O6: nem | P6: igen | Q6: 0 | S6: Levélírás | T6: Levélírás | U6: Levélírás | V6: Levélírás | W6: SZ | Z6: Levélírás | AA6: Levélírás | AB6: Levélírás | AC6: Levélírás | AD6: Levélírás | AG6: Levélírás | AH6: Levélírás | AI6: Levélírás | AJ6: Levélírás | AK6: Levélírás | AN6: SZ | AO6: SZ | AP6: SZ | AQ6: SZ | AR6: SZ | AU6: Levélírás | AV6: Levélírás | AW6: =SUM(AX6:BW6)+BZ6 -> 22 | AX6: =COUNTIF($R6:$AV6,AX$3) -> 0 | AY6: =COUNTIF($R6:$AV6,AY$3) -> 0 | AZ6: =COUNTIF($R6:$AV6,AZ$3) -> 0 | BA6: =COUNTIF($R6:$AV6,BA$3) -> 0 | BB6: =COUNTIF($R6:$AV6,BB$3) -> 0 | BC6: =COUNTIF($R6:$AV6,BC$3) -> 0 | BD6: =COUNTIF($R6:$AV6,BD$3) -> 0 | BE6: =COUNTIF($R6:$AV6,BE$3) -> 0 | ... BP6: =COUNTIF($R6:$AV6,BP$3) -> 0 | BQ6: =COUNTIF($R6:$AV6,BQ$3)+COUNTIF($R6:$AV6,"levelezés em") -> 16 | BR6: =COUNTIF($R6:$AV6,BR$3) -> 0 | BS6: =COUNTIF($R6:$AV6,BS$3) -> 0 | BT6: =COUNTIF($R6:$AV6,BT$3) -> 0 | BU6: =COUNTIF($R6:$AV6,BU$3) -> 0 | BV6: =SUM(CA6:CC6) -> 0 | BW6: =COUNTIF($R6:$AV6,BW$3) -> 0 | BX6: =COUNTIF($R6:$AV6,BX$3) -> 0 | BY6: =COUNTIF($R6:$AV6,BY$3) -> 0 | BZ6: =COUNTIF($R6:$AV6,BZ$3) -> 6 | CA6: =COUNTIF($R6:$AV6,CA$3) -> 0 | CB6: =COUNTIF($R6:$AV6,CB$3) -> 0 | CC6: =COUNTIF($R6:$AV6,CC$3) -> 0
A7: =admin_Levelezés!A4 -> Bornemissza Noémi | B7: =admin_Levelezés!B4 -> SZABÓ ÁGNES | C7: =admin_Levelezés!C4 -> Gyöngyös | D7: =admin_Levelezés!D4 -> ÜGYFÉLLEVELEZÉS | E7: =admin_Levelezés!E4 -> aktív | F7: nem | G7: 0 | H7: nem | I7: igen | J7: igen | K7: nem | L7: igen | M7: nem | N7: nem | O7: nem | P7: igen | Q7: 0 | S7: Külföldi irodák | T7: Külföldi irodák | U7: Külföldi irodák | V7: Külföldi irodák | W7: Külföldi irodák | Z7: Külföldi irodák | AA7: Külföldi irodák | AB7: Külföldi irodák | AC7: Külföldi irodák | AD7: SZ | AG7: Külföldi irodák | AH7: Külföldi irodák | AI7: Külföldi irodák | AJ7: Külföldi irodák | AK7: Külföldi irodák | AN7: Külföldi irodák | AO7: Külföldi irodák | AP7: Külföldi irodák | AQ7: Külföldi irodák | AR7: SZ | AU7: Külföldi irodák | AV7: Külföldi irodák | AW7: =SUM(AX7:BW7)+BZ7 -> 22 | AX7: =COUNTIF($R7:$AV7,AX$3) -> 0 | AY7: =COUNTIF($R7:$AV7,AY$3) -> 0 | AZ7: =COUNTIF($R7:$AV7,AZ$3) -> 0 | BA7: =COUNTIF($R7:$AV7,BA$3) -> 0 | BB7: =COUNTIF($R7:$AV7,BB$3) -> 0 | BC7: =COUNTIF($R7:$AV7,BC$3) -> 0 | BD7: =COUNTIF($R7:$AV7,BD$3) -> 0 | BE7: =COUNTIF($R7:$AV7,BE$3) -> 0 | ... BP7: =COUNTIF($R7:$AV7,BP$3) -> 20 | BQ7: =COUNTIF($R7:$AV7,BQ$3)+COUNTIF($R7:$AV7,"levelezés em") -> 0 | BR7: =COUNTIF($R7:$AV7,BR$3) -> 0 | BS7: =COUNTIF($R7:$AV7,BS$3) -> 0 | BT7: =COUNTIF($R7:$AV7,BT$3) -> 0 | BU7: =COUNTIF($R7:$AV7,BU$3) -> 0 | BV7: =SUM(CA7:CC7) -> 0 | BW7: =COUNTIF($R7:$AV7,BW$3) -> 0 | BX7: =COUNTIF($R7:$AV7,BX$3) -> 0 | BY7: =COUNTIF($R7:$AV7,BY$3) -> 0 | BZ7: =COUNTIF($R7:$AV7,BZ$3) -> 2 | CA7: =COUNTIF($R7:$AV7,CA$3) -> 0 | CB7: =COUNTIF($R7:$AV7,CB$3) -> 0 | CC7: =COUNTIF($R7:$AV7,CC$3) -> 0
A8: =admin_Levelezés!A5 -> Erberling Zsófia | B8: =admin_Levelezés!B5 -> SZABÓ ÁGNES | C8: =admin_Levelezés!C5 -> Gyöngyös | D8: =admin_Levelezés!D5 -> ÜGYFÉLLEVELEZÉS | E8: =admin_Levelezés!E5 -> aktív | F8: nem | G8: 0 | H8: nem | I8: nem | J8: igen | K8: igen | L8: igen | M8: nem | N8: nem | O8: nem | P8: nem | Q8: 0 | S8: Jogsegély szignálás | T8: Jogsegély szignálás | U8: Jogsegély levelezés | V8: Jogsegély levelezés | W8: Jogsegély levelezés | Z8: Jogsegély szignálás | AA8: Jogsegély szignálás | AB8: Jogsegély levelezés | AC8: Jogsegély levelezés | AD8: Jogsegély levelezés | AG8: Jogsegély szignálás | AH8: Jogsegély szignálás | AI8: Jogsegély levelezés | AJ8: Jogsegély levelezés | AK8: Jogsegély levelezés | AN8: Jogsegély szignálás | AO8: Jogsegély szignálás | AP8: Jogsegély levelezés | AQ8: Jogsegély levelezés | AR8: Jogsegély levelezés | AU8: Jogsegély szignálás | AV8: Jogsegély szignálás | AW8: =SUM(AX8:BW8)+BZ8 -> 22 | AX8: =COUNTIF($R8:$AV8,AX$3) -> 0 | AY8: =COUNTIF($R8:$AV8,AY$3) -> 0 | AZ8: =COUNTIF($R8:$AV8,AZ$3) -> 0 | BA8: =COUNTIF($R8:$AV8,BA$3) -> 0 | BB8: =COUNTIF($R8:$AV8,BB$3) -> 0 | BC8: =COUNTIF($R8:$AV8,BC$3) -> 0 | BD8: =COUNTIF($R8:$AV8,BD$3) -> 0 | BE8: =COUNTIF($R8:$AV8,BE$3) -> 0 | ... BP8: =COUNTIF($R8:$AV8,BP$3) -> 0 | BQ8: =COUNTIF($R8:$AV8,BQ$3)+COUNTIF($R8:$AV8,"levelezés em") -> 0 | BR8: =COUNTIF($R8:$AV8,BR$3) -> 0 | BS8: =COUNTIF($R8:$AV8,BS$3) -> 0 | BT8: =COUNTIF($R8:$AV8,BT$3) -> 0 | BU8: =COUNTIF($R8:$AV8,BU$3) -> 0 | BV8: =SUM(CA8:CC8) -> 0 | BW8: =COUNTIF($R8:$AV8,BW$3) -> 0 | BX8: =COUNTIF($R8:$AV8,BX$3) -> 0 | BY8: =COUNTIF($R8:$AV8,BY$3) -> 0 | BZ8: =COUNTIF($R8:$AV8,BZ$3) -> 0 | CA8: =COUNTIF($R8:$AV8,CA$3) -> 0 | CB8: =COUNTIF($R8:$AV8,CB$3) -> 0 | CC8: =COUNTIF($R8:$AV8,CC$3) -> 0
A9: =admin_Levelezés!A6 -> Forgó Adrienn | B9: =admin_Levelezés!B6 -> SZABÓ ÁGNES | C9: =admin_Levelezés!C6 -> Gyöngyös | D9: =admin_Levelezés!D6 -> ÜGYFÉLLEVELEZÉS | E9: =admin_Levelezés!E6 -> aktív | F9: nem | G9: 0 | H9: nem | I9: nem | J9: igen | K9: igen | L9: igen | M9: nem | N9: nem | O9: nem | P9: nem | Q9: 0 | S9: HUGO | T9: HUGO | U9: HUGO (@) | V9: HUGO | W9: HUGO | Z9: HUGO | AA9: HUGO | AB9: HUGO (@) | AC9: HUGO | AD9: HUGO | AG9: HUGO | AH9: HUGO | AI9: HUGO (@) | AJ9: SZ | AK9: SZ | AN9: HUGO | AO9: HUGO | AP9: HUGO (@) | AQ9: HUGO | AR9: HUGO | AU9: HUGO | AV9: HUGO | AW9: =SUM(AX9:BW9)+BZ9 -> 22 | AX9: =COUNTIF($R9:$AV9,AX$3) -> 0 | AY9: =COUNTIF($R9:$AV9,AY$3) -> 0 | AZ9: =COUNTIF($R9:$AV9,AZ$3) -> 0 | BA9: =COUNTIF($R9:$AV9,BA$3) -> 0 | BB9: =COUNTIF($R9:$AV9,BB$3) -> 0 | BC9: =COUNTIF($R9:$AV9,BC$3) -> 0 | BD9: =COUNTIF($R9:$AV9,BD$3) -> 0 | BE9: =COUNTIF($R9:$AV9,BE$3) -> 0 | ... BP9: =COUNTIF($R9:$AV9,BP$3) -> 0 | BQ9: =COUNTIF($R9:$AV9,BQ$3)+COUNTIF($R9:$AV9,"levelezés em") -> 0 | BR9: =COUNTIF($R9:$AV9,BR$3) -> 0 | BS9: =COUNTIF($R9:$AV9,BS$3) -> 0 | BT9: =COUNTIF($R9:$AV9,BT$3) -> 0 | BU9: =COUNTIF($R9:$AV9,BU$3) -> 0 | BV9: =SUM(CA9:CC9) -> 0 | BW9: =COUNTIF($R9:$AV9,BW$3) -> 0 | BX9: =COUNTIF($R9:$AV9,BX$3) -> 0 | BY9: =COUNTIF($R9:$AV9,BY$3) -> 0 | BZ9: =COUNTIF($R9:$AV9,BZ$3) -> 2 | CA9: =COUNTIF($R9:$AV9,CA$3) -> 0 | CB9: =COUNTIF($R9:$AV9,CB$3) -> 0 | CC9: =COUNTIF($R9:$AV9,CC$3) -> 0
A10: =admin_Levelezés!A7 -> György Sándorné | B10: =admin_Levelezés!B7 -> SZABÓ ÁGNES | C10: =admin_Levelezés!C7 -> Gyöngyös | D10: =admin_Levelezés!D7 -> ÜGYFÉLLEVELEZÉS | E10: =admin_Levelezés!E7 -> aktív | F10: nem | G10: 0 | H10: nem | I10: igen | J10: nem | K10: nem | L10: nem | M10: nem | N10: nem | O10: nem | P10: igen | Q10: 0 | S10: Levélírás | T10: Levélírás | U10: Levélírás | V10: Levélírás | W10: Levélírás | Z10: Levélírás | AA10: Levélírás | AB10: Levélírás | AC10: Levélírás | AD10: Levélírás | AG10: Levélírás | AH10: Levélírás | AI10: Levélírás | AJ10: Levélírás | AK10: Levélírás | AN10: Levélírás | AO10: Levélírás | AP10: Levélírás | AQ10: Levélírás | AR10: SZ | AU10: SZ | AV10: SZ | AW10: =SUM(AX10:BW10)+BZ10 -> 22 | AX10: =COUNTIF($R10:$AV10,AX$3) -> 0 | AY10: =COUNTIF($R10:$AV10,AY$3) -> 0 | AZ10: =COUNTIF($R10:$AV10,AZ$3) -> 0 | BA10: =COUNTIF($R10:$AV10,BA$3) -> 0 | BB10: =COUNTIF($R10:$AV10,BB$3) -> 0 | BC10: =COUNTIF($R10:$AV10,BC$3) -> 0 | BD10: =COUNTIF($R10:$AV10,BD$3) -> 0 | BE10: =COUNTIF($R10:$AV10,BE$3) -> 0 | ... BP10: =COUNTIF($R10:$AV10,BP$3) -> 0 | BQ10: =COUNTIF($R10:$AV10,BQ$3)+COUNTIF($R10:$AV10,"levelezés em") -> 19 | BR10: =COUNTIF($R10:$AV10,BR$3) -> 0 | BS10: =COUNTIF($R10:$AV10,BS$3) -> 0 | BT10: =COUNTIF($R10:$AV10,BT$3) -> 0 | BU10: =COUNTIF($R10:$AV10,BU$3) -> 0 | BV10: =SUM(CA10:CC10) -> 0 | BW10: =COUNTIF($R10:$AV10,BW$3) -> 0 | BX10: =COUNTIF($R10:$AV10,BX$3) -> 0 | BY10: =COUNTIF($R10:$AV10,BY$3) -> 0 | BZ10: =COUNTIF($R10:$AV10,BZ$3) -> 3 | CA10: =COUNTIF($R10:$AV10,CA$3) -> 0 | CB10: =COUNTIF($R10:$AV10,CB$3) -> 0 | CC10: =COUNTIF($R10:$AV10,CC$3) -> 0
A11: =admin_Levelezés!A8 -> Keresztes Ámon | B11: =admin_Levelezés!B8 -> SZABÓ ÁGNES | C11: =admin_Levelezés!C8 -> Gyöngyös | D11: =admin_Levelezés!D8 -> ÜGYFÉLLEVELEZÉS | E11: =admin_Levelezés!E8 -> aktív | F11: nem | G11: 0 | H11: nem | I11: igen | J11: nem | K11: nem | L11: nem | M11: nem | N11: nem | O11: igen | P11: nem | Q11: 0 | S11: Levélírás | T11: Levélírás | U11: Levélírás | V11: Levélírás | W11: Levélírás | Z11: Levélírás | AA11: Levélírás | AB11: Levélírás | AC11: Levélírás | AD11: SZ | AG11: Levélírás | AH11: Levélírás | AI11: Levélírás | AJ11: Levélírás | AK11: Levélírás | AN11: Levélírás | AO11: Levélírás | AP11: Levélírás | AQ11: Levélírás | AR11: Levélírás | AU11: Levélírás | AV11: Levélírás | AW11: =SUM(AX11:BW11)+BZ11 -> 22 | AX11: =COUNTIF($R11:$AV11,AX$3) -> 0 | AY11: =COUNTIF($R11:$AV11,AY$3) -> 0 | AZ11: =COUNTIF($R11:$AV11,AZ$3) -> 0 | BA11: =COUNTIF($R11:$AV11,BA$3) -> 0 | BB11: =COUNTIF($R11:$AV11,BB$3) -> 0 | BC11: =COUNTIF($R11:$AV11,BC$3) -> 0 | BD11: =COUNTIF($R11:$AV11,BD$3) -> 0 | BE11: =COUNTIF($R11:$AV11,BE$3) -> 0 | ... BP11: =COUNTIF($R11:$AV11,BP$3) -> 0 | BQ11: =COUNTIF($R11:$AV11,BQ$3)+COUNTIF($R11:$AV11,"levelezés em") -> 21 | BR11: =COUNTIF($R11:$AV11,BR$3) -> 0 | BS11: =COUNTIF($R11:$AV11,BS$3) -> 0 | BT11: =COUNTIF($R11:$AV11,BT$3) -> 0 | BU11: =COUNTIF($R11:$AV11,BU$3) -> 0 | BV11: =SUM(CA11:CC11) -> 0 | BW11: =COUNTIF($R11:$AV11,BW$3) -> 0 | BX11: =COUNTIF($R11:$AV11,BX$3) -> 0 | BY11: =COUNTIF($R11:$AV11,BY$3) -> 0 | BZ11: =COUNTIF($R11:$AV11,BZ$3) -> 1 | CA11: =COUNTIF($R11:$AV11,CA$3) -> 0 | CB11: =COUNTIF($R11:$AV11,CB$3) -> 0 | CC11: =COUNTIF($R11:$AV11,CC$3) -> 0
A12: =admin_Levelezés!A9 -> Kissné Balsai Emese | B12: =admin_Levelezés!B9 -> SZABÓ ÁGNES | C12: =admin_Levelezés!C9 -> Gyöngyös | D12: =admin_Levelezés!D9 -> ÜGYFÉLLEVELEZÉS | E12: =admin_Levelezés!E9 -> aktív | F12: nem | G12: 0 | H12: nem | I12: igen | J12: nem | K12: igen | L12: nem | M12: nem | N12: nem | O12: nem | P12: igen | Q12: 0 | S12: SZ | T12: SZ | U12: SZ | V12: SZ | W12: SZ | Z12: Külföldi irodák | AA12: Külföldi irodák | AB12: Külföldi irodák | AC12: Külföldi irodák | AD12: Külföldi irodák | AG12: Külföldi irodák | AH12: Külföldi irodák | AI12: Külföldi irodák | AJ12: Külföldi irodák | AK12: E-ÜSZI | AN12: E-ÜSZI | AO12: Külföldi irodák | AP12: Külföldi irodák | AQ12: Külföldi irodák | AR12: Külföldi irodák | AU12: Külföldi irodák | AV12: SZ | AW12: =SUM(AX12:BW12)+BZ12 -> 22 | AX12: =COUNTIF($R12:$AV12,AX$3) -> 0 | AY12: =COUNTIF($R12:$AV12,AY$3) -> 0 | AZ12: =COUNTIF($R12:$AV12,AZ$3) -> 0 | BA12: =COUNTIF($R12:$AV12,BA$3) -> 0 | BB12: =COUNTIF($R12:$AV12,BB$3) -> 0 | BC12: =COUNTIF($R12:$AV12,BC$3) -> 0 | BD12: =COUNTIF($R12:$AV12,BD$3) -> 0 | BE12: =COUNTIF($R12:$AV12,BE$3) -> 0 | ... BP12: =COUNTIF($R12:$AV12,BP$3) -> 14 | BQ12: =COUNTIF($R12:$AV12,BQ$3)+COUNTIF($R12:$AV12,"levelezés em") -> 0 | BR12: =COUNTIF($R12:$AV12,BR$3) -> 0 | BS12: =COUNTIF($R12:$AV12,BS$3) -> 0 | BT12: =COUNTIF($R12:$AV12,BT$3) -> 0 | BU12: =COUNTIF($R12:$AV12,BU$3) -> 0 | BV12: =SUM(CA12:CC12) -> 0 | BW12: =COUNTIF($R12:$AV12,BW$3) -> 0 | BX12: =COUNTIF($R12:$AV12,BX$3) -> 0 | BY12: =COUNTIF($R12:$AV12,BY$3) -> 0 | BZ12: =COUNTIF($R12:$AV12,BZ$3) -> 6 | CA12: =COUNTIF($R12:$AV12,CA$3) -> 0 | CB12: =COUNTIF($R12:$AV12,CB$3) -> 0 | CC12: =COUNTIF($R12:$AV12,CC$3) -> 0
A13: =admin_Levelezés!A10 -> Kapásné Kalo Ildikó | B13: =admin_Levelezés!B10 -> SZABÓ ÁGNES | C13: =admin_Levelezés!C10 -> Gyöngyös | D13: =admin_Levelezés!D10 -> ÜGYFÉLLEVELEZÉS | E13: =admin_Levelezés!E10 -> aktív | F13: nem | G13: 0 | H13: nem | I13: igen | J13: nem | K13: nem | L13: nem | M13: nem | N13: nem | O13: nem | P13: nem | Q13: 0 | S13: Levélírás | T13: Levélírás | U13: Levélírás | V13: Levélírás | W13: Levélírás | Z13: Levélírás | AA13: SZ | AB13: Levélírás | AC13: Levélírás | AD13: Levélírás | AG13: sz | AH13: sz | AI13: sz | AJ13: sz | AK13: sz | AN13: Levélírás | AO13: Levélírás | AP13: Levélírás | AQ13: Levélírás | AR13: Levélírás | AU13: Levélírás | AV13: Levélírás | AW13: =SUM(AX13:BW13)+BZ13 -> 22 | AX13: =COUNTIF($R13:$AV13,AX$3) -> 0 | AY13: =COUNTIF($R13:$AV13,AY$3) -> 0 | AZ13: =COUNTIF($R13:$AV13,AZ$3) -> 0 | BA13: =COUNTIF($R13:$AV13,BA$3) -> 0 | BB13: =COUNTIF($R13:$AV13,BB$3) -> 0 | BC13: =COUNTIF($R13:$AV13,BC$3) -> 0 | BD13: =COUNTIF($R13:$AV13,BD$3) -> 0 | BE13: =COUNTIF($R13:$AV13,BE$3) -> 0 | ... BP13: =COUNTIF($R13:$AV13,BP$3) -> 0 | BQ13: =COUNTIF($R13:$AV13,BQ$3)+COUNTIF($R13:$AV13,"levelezés em") -> 16 | BR13: =COUNTIF($R13:$AV13,BR$3) -> 0 | BS13: =COUNTIF($R13:$AV13,BS$3) -> 0 | BT13: =COUNTIF($R13:$AV13,BT$3) -> 0 | BU13: =COUNTIF($R13:$AV13,BU$3) -> 0 | BV13: =SUM(CA13:CC13) -> 0 | BW13: =COUNTIF($R13:$AV13,BW$3) -> 0 | BX13: =COUNTIF($R13:$AV13,BX$3) -> 0 | BY13: =COUNTIF($R13:$AV13,BY$3) -> 0 | BZ13: =COUNTIF($R13:$AV13,BZ$3) -> 6 | CA13: =COUNTIF($R13:$AV13,CA$3) -> 0 | CB13: =COUNTIF($R13:$AV13,CB$3) -> 0 | CC13: =COUNTIF($R13:$AV13,CC$3) -> 0
A14: =admin_Levelezés!A11 -> Kissné Szabó Tímea | B14: =admin_Levelezés!B11 -> SZABÓ ÁGNES | C14: =admin_Levelezés!C11 -> Gyöngyös | D14: =admin_Levelezés!D11 -> ÜGYFÉLLEVELEZÉS | E14: =admin_Levelezés!E11 -> aktív | F14: nem | G14: 0 | H14: nem | I14: nem | J14: nem | K14: nem | L14: igen | M14: nem | N14: nem | O14: nem | P14: nem | Q14: 0 | S14: Jogsegély levelezés | T14: Jogsegély levelezés | U14: Jogsegély levelezés | V14: Jogsegély levelezés | W14: Jogsegély levelezés | Z14: Jogsegély levelezés | AA14: Jogsegély levelezés | AB14: Jogsegély levelezés | AC14: Jogsegély levelezés | AD14: Jogsegély levelezés | AG14: Jogsegély levelezés | AH14: Jogsegély levelezés | AI14: Jogsegély levelezés | AJ14: Jogsegély levelezés | AK14: Jogsegély levelezés | AN14: Jogsegély levelezés | AO14: Jogsegély levelezés | AP14: Jogsegély levelezés | AQ14: Jogsegély levelezés | AR14: SZ | AU14: Jogsegély levelezés | AV14: Jogsegély levelezés | AW14: =SUM(AX14:BW14)+BZ14 -> 22 | AX14: =COUNTIF($R14:$AV14,AX$3) -> 0 | AY14: =COUNTIF($R14:$AV14,AY$3) -> 0 | AZ14: =COUNTIF($R14:$AV14,AZ$3) -> 0 | BA14: =COUNTIF($R14:$AV14,BA$3) -> 0 | BB14: =COUNTIF($R14:$AV14,BB$3) -> 0 | BC14: =COUNTIF($R14:$AV14,BC$3) -> 0 | BD14: =COUNTIF($R14:$AV14,BD$3) -> 0 | BE14: =COUNTIF($R14:$AV14,BE$3) -> 0 | ... BP14: =COUNTIF($R14:$AV14,BP$3) -> 0 | BQ14: =COUNTIF($R14:$AV14,BQ$3)+COUNTIF($R14:$AV14,"levelezés em") -> 0 | BR14: =COUNTIF($R14:$AV14,BR$3) -> 0 | BS14: =COUNTIF($R14:$AV14,BS$3) -> 0 | BT14: =COUNTIF($R14:$AV14,BT$3) -> 0 | BU14: =COUNTIF($R14:$AV14,BU$3) -> 0 | BV14: =SUM(CA14:CC14) -> 0 | BW14: =COUNTIF($R14:$AV14,BW$3) -> 0 | BX14: =COUNTIF($R14:$AV14,BX$3) -> 0 | BY14: =COUNTIF($R14:$AV14,BY$3) -> 0 | BZ14: =COUNTIF($R14:$AV14,BZ$3) -> 1 | CA14: =COUNTIF($R14:$AV14,CA$3) -> 0 | CB14: =COUNTIF($R14:$AV14,CB$3) -> 0 | CC14: =COUNTIF($R14:$AV14,CC$3) -> 0
A15: =admin_Levelezés!A12 -> Pálfalvi Ferencné | B15: =admin_Levelezés!B12 -> SZABÓ ÁGNES | C15: =admin_Levelezés!C12 -> Gyöngyös | D15: =admin_Levelezés!D12 -> ÜGYFÉLLEVELEZÉS | E15: =admin_Levelezés!E12 -> aktív | F15: nem | G15: 0 | H15: nem | I15: igen | J15: nem | K15: nem | L15: nem | M15: nem | N15: nem | O15: nem | P15: igen | Q15: 0 | S15: Külföldi irodák | T15: Külföldi irodák | U15: Külföldi irodák | V15: Külföldi irodák | W15: Külföldi irodák | Z15: Külföldi irodák | AA15: Külföldi irodák | AB15: Külföldi irodák | AC15: Külföldi irodák | AD15: Külföldi irodák | AG15: Külföldi irodák | AH15: Külföldi irodák | AI15: Külföldi irodák | AJ15: Külföldi irodák | AK15: Külföldi irodák | AN15: Külföldi irodák | AO15: Külföldi irodák | AP15: Külföldi irodák | AQ15: Külföldi irodák | AR15: Külföldi irodák | AU15: Külföldi irodák | AV15: Külföldi irodák | AW15: =SUM(AX15:BW15)+BZ15 -> 22 | AX15: =COUNTIF($R15:$AV15,AX$3) -> 0 | AY15: =COUNTIF($R15:$AV15,AY$3) -> 0 | AZ15: =COUNTIF($R15:$AV15,AZ$3) -> 0 | BA15: =COUNTIF($R15:$AV15,BA$3) -> 0 | BB15: =COUNTIF($R15:$AV15,BB$3) -> 0 | BC15: =COUNTIF($R15:$AV15,BC$3) -> 0 | BD15: =COUNTIF($R15:$AV15,BD$3) -> 0 | BE15: =COUNTIF($R15:$AV15,BE$3) -> 0 | ... BP15: =COUNTIF($R15:$AV15,BP$3) -> 22 | BQ15: =COUNTIF($R15:$AV15,BQ$3)+COUNTIF($R15:$AV15,"levelezés em") -> 0 | BR15: =COUNTIF($R15:$AV15,BR$3) -> 0 | BS15: =COUNTIF($R15:$AV15,BS$3) -> 0 | BT15: =COUNTIF($R15:$AV15,BT$3) -> 0 | BU15: =COUNTIF($R15:$AV15,BU$3) -> 0 | BV15: =SUM(CA15:CC15) -> 0 | BW15: =COUNTIF($R15:$AV15,BW$3) -> 0 | BX15: =COUNTIF($R15:$AV15,BX$3) -> 0 | BY15: =COUNTIF($R15:$AV15,BY$3) -> 0 | BZ15: =COUNTIF($R15:$AV15,BZ$3) -> 0 | CA15: =COUNTIF($R15:$AV15,CA$3) -> 0 | CB15: =COUNTIF($R15:$AV15,CB$3) -> 0 | CC15: =COUNTIF($R15:$AV15,CC$3) -> 0
A16: =admin_Levelezés!A13 -> Prokai Petronella | B16: =admin_Levelezés!B13 -> SZABÓ ÁGNES | C16: =admin_Levelezés!C13 -> Gyöngyös | D16: =admin_Levelezés!D13 -> ÜGYFÉLLEVELEZÉS | E16: =admin_Levelezés!E13 -> aktív | F16: nem | G16: 0 | H16: nem | I16: nem | J16: igen | K16: igen | L16: igen | M16: nem | N16: nem | O16: nem | P16: nem | Q16: 0 | S16: HUGO | T16: HUGO | U16: HUGO | V16: HUGO (@) | W16: HUGO (@) | Z16: HUGO | AA16: HUGO | AB16: HUGO | AC16: HUGO (@) | AD16: HUGO (@) | AG16: HUGO | AH16: HUGO | AI16: HUGO | AJ16: HUGO (@) | AK16: HUGO (@) | AN16: HUGO | AO16: HUGO | AP16: HUGO | AQ16: HUGO (@) | AR16: HUGO (@) | AU16: SZ | AV16: SZ | AW16: =SUM(AX16:BW16)+BZ16 -> 22 | AX16: =COUNTIF($R16:$AV16,AX$3) -> 0 | AY16: =COUNTIF($R16:$AV16,AY$3) -> 0 | AZ16: =COUNTIF($R16:$AV16,AZ$3) -> 0 | BA16: =COUNTIF($R16:$AV16,BA$3) -> 0 | BB16: =COUNTIF($R16:$AV16,BB$3) -> 0 | BC16: =COUNTIF($R16:$AV16,BC$3) -> 0 | BD16: =COUNTIF($R16:$AV16,BD$3) -> 0 | BE16: =COUNTIF($R16:$AV16,BE$3) -> 0 | ... BP16: =COUNTIF($R16:$AV16,BP$3) -> 0 | BQ16: =COUNTIF($R16:$AV16,BQ$3)+COUNTIF($R16:$AV16,"levelezés em") -> 0 | BR16: =COUNTIF($R16:$AV16,BR$3) -> 0 | BS16: =COUNTIF($R16:$AV16,BS$3) -> 0 | BT16: =COUNTIF($R16:$AV16,BT$3) -> 0 | BU16: =COUNTIF($R16:$AV16,BU$3) -> 0 | BV16: =SUM(CA16:CC16) -> 0 | BW16: =COUNTIF($R16:$AV16,BW$3) -> 0 | BX16: =COUNTIF($R16:$AV16,BX$3) -> 0 | BY16: =COUNTIF($R16:$AV16,BY$3) -> 0 | BZ16: =COUNTIF($R16:$AV16,BZ$3) -> 2 | CA16: =COUNTIF($R16:$AV16,CA$3) -> 0 | CB16: =COUNTIF($R16:$AV16,CB$3) -> 0 | CC16: =COUNTIF($R16:$AV16,CC$3) -> 0
A17: =admin_Levelezés!A14 -> Szabó-Bokor Anita | B17: =admin_Levelezés!B14 -> SZABÓ ÁGNES | C17: =admin_Levelezés!C14 -> Gyöngyös | D17: =admin_Levelezés!D14 -> ÜGYFÉLLEVELEZÉS | E17: =admin_Levelezés!E14 -> aktív | F17: nem | G17: 0 | H17: nem | I17: igen | J17: nem | K17: nem | L17: igen | M17: nem | N17: nem | O17: nem | P17: nem | Q17: 0 | S17: Levélírás | T17: Levélírás | U17: Levélírás | V17: Levélírás | W17: Levélírás | Z17: Levélírás | AA17: Levélírás | AB17: Levélírás | AC17: Levélírás | AD17: Levélírás | AG17: Levélírás | AH17: Levélírás | AI17: Levélírás | AJ17: SZ | AK17: SZ | AN17: Levélírás | AO17: Levélírás | AP17: Levélírás | AQ17: Levélírás | AR17: Levélírás | AU17: Levélírás | AV17: Levélírás | AW17: =SUM(AX17:BW17)+BZ17 -> 22 | AX17: =COUNTIF($R17:$AV17,AX$3) -> 0 | AY17: =COUNTIF($R17:$AV17,AY$3) -> 0 | AZ17: =COUNTIF($R17:$AV17,AZ$3) -> 0 | BA17: =COUNTIF($R17:$AV17,BA$3) -> 0 | BB17: =COUNTIF($R17:$AV17,BB$3) -> 0 | BC17: =COUNTIF($R17:$AV17,BC$3) -> 0 | BD17: =COUNTIF($R17:$AV17,BD$3) -> 0 | BE17: =COUNTIF($R17:$AV17,BE$3) -> 0 | ... BP17: =COUNTIF($R17:$AV17,BP$3) -> 0 | BQ17: =COUNTIF($R17:$AV17,BQ$3)+COUNTIF($R17:$AV17,"levelezés em") -> 20 | BR17: =COUNTIF($R17:$AV17,BR$3) -> 0 | BS17: =COUNTIF($R17:$AV17,BS$3) -> 0 | BT17: =COUNTIF($R17:$AV17,BT$3) -> 0 | BU17: =COUNTIF($R17:$AV17,BU$3) -> 0 | BV17: =SUM(CA17:CC17) -> 0 | BW17: =COUNTIF($R17:$AV17,BW$3) -> 0 | BX17: =COUNTIF($R17:$AV17,BX$3) -> 0 | BY17: =COUNTIF($R17:$AV17,BY$3) -> 0 | BZ17: =COUNTIF($R17:$AV17,BZ$3) -> 2 | CA17: =COUNTIF($R17:$AV17,CA$3) -> 0 | CB17: =COUNTIF($R17:$AV17,CB$3) -> 0 | CC17: =COUNTIF($R17:$AV17,CC$3) -> 0
... A20: =admin_Levelezés!A17 -> Tóth Melinda | B20: =admin_Levelezés!B17 -> SZABÓ ÁGNES | C20: =admin_Levelezés!C17 -> Gyöngyös | D20: =admin_Levelezés!D17 -> ÜGYFÉLLEVELEZÉS | E20: =admin_Levelezés!E17 -> aktív | F20: nem | G20: 0 | H20: nem | I20: nem | J20: nem | K20: nem | L20: igen | M20: nem | N20: nem | O20: nem | P20: nem | Q20: 0 | S20: Külföldi irodák | T20: Külföldi irodák | U20: Külföldi irodák | V20: Külföldi irodák | W20: Külföldi irodák | Z20: Külföldi irodák | AA20: Külföldi irodák | AB20: Külföldi irodák | AC20: Külföldi irodák | AD20: Külföldi irodák | AG20: Külföldi irodák | AH20: Külföldi irodák | AI20: Külföldi irodák | AJ20: Külföldi irodák | AK20: Külföldi irodák | AN20: Külföldi irodák | AO20: Külföldi irodák | AP20: Külföldi irodák | AQ20: SZ | AR20: SZ | AU20: SZ | AV20: Külföldi irodák | AW20: =SUM(AX20:BW20)+BZ20 -> 22 | AX20: =COUNTIF($R20:$AV20,AX$3) -> 0 | AY20: =COUNTIF($R20:$AV20,AY$3) -> 0 | AZ20: =COUNTIF($R20:$AV20,AZ$3) -> 0 | BA20: =COUNTIF($R20:$AV20,BA$3) -> 0 | BB20: =COUNTIF($R20:$AV20,BB$3) -> 0 | BC20: =COUNTIF($R20:$AV20,BC$3) -> 0 | BD20: =COUNTIF($R20:$AV20,BD$3) -> 0 | BE20: =COUNTIF($R20:$AV20,BE$3) -> 0 | ... BP20: =COUNTIF($R20:$AV20,BP$3) -> 19 | BQ20: =COUNTIF($R20:$AV20,BQ$3)+COUNTIF($R20:$AV20,"levelezés em") -> 0 | BR20: =COUNTIF($R20:$AV20,BR$3) -> 0 | BS20: =COUNTIF($R20:$AV20,BS$3) -> 0 | BT20: =COUNTIF($R20:$AV20,BT$3) -> 0 | BU20: =COUNTIF($R20:$AV20,BU$3) -> 0 | BV20: =SUM(CA20:CC20) -> 0 | BW20: =COUNTIF($R20:$AV20,BW$3) -> 0 | BX20: =COUNTIF($R20:$AV20,BX$3) -> 0 | BY20: =COUNTIF($R20:$AV20,BY$3) -> 0 | BZ20: =COUNTIF($R20:$AV20,BZ$3) -> 3 | CA20: =COUNTIF($R20:$AV20,CA$3) -> 0 | CB20: =COUNTIF($R20:$AV20,CB$3) -> 0 | CC20: =COUNTIF($R20:$AV20,CC$3) -> 0
A21: =admin_Levelezés!A18 -> Thürmer Emil | B21: =admin_Levelezés!B18 -> SZABÓ ÁGNES | C21: =admin_Levelezés!C18 -> Szolnok | D21: =admin_Levelezés!D18 -> ÜGYFÉLLEVELEZÉS | E21: =admin_Levelezés!E18 -> aktív | F21: nem | G21: nem | H21: nem | I21: nem | J21: nem | K21: igen | L21: nem | M21: nem | N21: nem | O21: 0 | P21: 0 | Q21: 0 | S21: Jogsegély levelezés | T21: Jogsegély levelezés | U21: Jogsegély szignálás | V21: Jogsegély szignálás | W21: Jogsegély levelezés | Z21: Jogsegély levelezés | AA21: Jogsegély levelezés | AB21: Jogsegély szignálás | AC21: Jogsegély szignálás | AD21: Jogsegély levelezés | AG21: Jogsegély levelezés | AH21: Jogsegély levelezés | AI21: Jogsegély szignálás | AJ21: Jogsegély szignálás | AK21: Jogsegély levelezés | AN21: Jogsegély levelezés | AO21: Jogsegély levelezés | AP21: Jogsegély szignálás | AQ21: Jogsegély szignálás | AR21: Jogsegély levelezés | AU21: Jogsegély levelezés | AV21: Jogsegély levelezés | AW21: =SUM(AX21:BW21)+BZ21 -> 22 | AX21: =COUNTIF($R21:$AV21,AX$3) -> 0 | AY21: =COUNTIF($R21:$AV21,AY$3) -> 0 | AZ21: =COUNTIF($R21:$AV21,AZ$3) -> 0 | BA21: =COUNTIF($R21:$AV21,BA$3) -> 0 | BB21: =COUNTIF($R21:$AV21,BB$3) -> 0 | BC21: =COUNTIF($R21:$AV21,BC$3) -> 0 | BD21: =COUNTIF($R21:$AV21,BD$3) -> 0 | BE21: =COUNTIF($R21:$AV21,BE$3) -> 0 | ... BP21: =COUNTIF($R21:$AV21,BP$3) -> 0 | BQ21: =COUNTIF($R21:$AV21,BQ$3)+COUNTIF($R21:$AV21,"levelezés em") -> 0 | BR21: =COUNTIF($R21:$AV21,BR$3) -> 0 | BS21: =COUNTIF($R21:$AV21,BS$3) -> 0 | BT21: =COUNTIF($R21:$AV21,BT$3) -> 0 | BU21: =COUNTIF($R21:$AV21,BU$3) -> 0 | BV21: =SUM(CA21:CC21) -> 0 | BW21: =COUNTIF($R21:$AV21,BW$3) -> 0 | BX21: =COUNTIF($R21:$AV21,BX$3) -> 0 | BY21: =COUNTIF($R21:$AV21,BY$3) -> 0 | BZ21: =COUNTIF($R21:$AV21,BZ$3) -> 0 | CA21: =COUNTIF($R21:$AV21,CA$3) -> 0 | CB21: =COUNTIF($R21:$AV21,CB$3) -> 0 | CC21: =COUNTIF($R21:$AV21,CC$3) -> 0
A22: =admin_Levelezés!A19 -> Vörös Vivien | B22: =admin_Levelezés!B19 -> SZABÓ ÁGNES | C22: =admin_Levelezés!C19 -> Szeged | D22: =admin_Levelezés!D19 -> ÜGYFÉLLEVELEZÉS | E22: =admin_Levelezés!E19 -> aktív | F22: nem | G22: 0 | H22: igen | I22: igen | J22: nem | K22: nem | L22: nem | M22: igen | N22: nem | O22: nem | P22: nem | Q22: 0 | AW22: =SUM(AX22:BW22)+BZ22 -> 0 | AX22: =COUNTIF($R22:$AV22,AX$3) -> 0 | AY22: =COUNTIF($R22:$AV22,AY$3) -> 0 | AZ22: =COUNTIF($R22:$AV22,AZ$3) -> 0 | BA22: =COUNTIF($R22:$AV22,BA$3) -> 0 | BB22: =COUNTIF($R22:$AV22,BB$3) -> 0 | BC22: =COUNTIF($R22:$AV22,BC$3) -> 0 | BD22: =COUNTIF($R22:$AV22,BD$3) -> 0 | BE22: =COUNTIF($R22:$AV22,BE$3) -> 0 | ... BP22: =COUNTIF($R22:$AV22,BP$3) -> 0 | BQ22: =COUNTIF($R22:$AV22,BQ$3)+COUNTIF($R22:$AV22,"levelezés em") -> 0 | BR22: =COUNTIF($R22:$AV22,BR$3) -> 0 | BS22: =COUNTIF($R22:$AV22,BS$3) -> 0 | BT22: =COUNTIF($R22:$AV22,BT$3) -> 0 | BU22: =COUNTIF($R22:$AV22,BU$3) -> 0 | BV22: =SUM(CA22:CC22) -> 0 | BW22: =COUNTIF($R22:$AV22,BW$3) -> 0 | BX22: =COUNTIF($R22:$AV22,BX$3) -> 0 | BY22: =COUNTIF($R22:$AV22,BY$3) -> 0 | BZ22: =COUNTIF($R22:$AV22,BZ$3) -> 0 | CA22: =COUNTIF($R22:$AV22,CA$3) -> 0 | CB22: =COUNTIF($R22:$AV22,CB$3) -> 0 | CC22: =COUNTIF($R22:$AV22,CC$3) -> 0
A23: =admin_Levelezés!A20 -> Mankovics Gabriella | B23: =admin_Levelezés!B20 -> SZABÓ ÁGNES | C23: =admin_Levelezés!C20 -> Újhartyán | D23: =admin_Levelezés!D20 -> ÜGYFÉLLEVELEZÉS | E23: =admin_Levelezés!E20 -> aktív | F23: igen | G23: 0 | H23: nem | I23: igen | J23: nem | K23: igen | L23: nem | M23: nem | N23: nem | O23: nem | P23: nem | Q23: 0 | S23: Levélírás | T23: Levélírás | U23: Levélírás | V23: Levélírás | W23: Levélírás | Z23: Levélírás | AA23: Levélírás | AB23: Levélírás | AC23: Levélírás | AD23: Levélírás | AG23: Levélírás | AH23: Levélírás | AI23: Levélírás | AJ23: Levélírás | AK23: Levélírás | AN23: Levélírás | AO23: Levélírás | AP23: Levélírás | AQ23: Levélírás | AR23: Levélírás | AU23: Levélírás | AV23: Levélírás | AX23: =COUNTIF($R23:$AV23,AX$3) -> 0 | AY23: =COUNTIF($R23:$AV23,AY$3) -> 0 | AZ23: =COUNTIF($R23:$AV23,AZ$3) -> 0 | BA23: =COUNTIF($R23:$AV23,BA$3) -> 0 | BB23: =COUNTIF($R23:$AV23,BB$3) -> 0 | BC23: =COUNTIF($R23:$AV23,BC$3) -> 0 | BD23: =COUNTIF($R23:$AV23,BD$3) -> 0 | BE23: =COUNTIF($R23:$AV23,BE$3) -> 0 | ... BP23: =COUNTIF($R23:$AV23,BP$3) -> 0 | BQ23: =COUNTIF($R23:$AV23,BQ$3)+COUNTIF($R23:$AV23,"levelezés em") -> 22 | BR23: =COUNTIF($R23:$AV23,BR$3) -> 0 | BS23: =COUNTIF($R23:$AV23,BS$3) -> 0 | BT23: =COUNTIF($R23:$AV23,BT$3) -> 0 | BU23: =COUNTIF($R23:$AV23,BU$3) -> 0 | BV23: =SUM(CA23:CC23) -> 0 | BW23: =COUNTIF($R23:$AV23,BW$3) -> 0 | BX23: =COUNTIF($R23:$AV23,BX$3) -> 0 | BY23: =COUNTIF($R23:$AV23,BY$3) -> 0 | BZ23: =COUNTIF($R23:$AV23,BZ$3) -> 0 | CA23: =COUNTIF($R23:$AV23,CA$3) -> 0 | CB23: =COUNTIF($R23:$AV23,CB$3) -> 0 | CC23: =COUNTIF($R23:$AV23,CC$3) -> 0
A24: =admin_Levelezés!A21 -> Szalai Zsolt | B24: =admin_Levelezés!B21 -> SZABÓ ÁGNES | C24: =admin_Levelezés!C21 -> M3 | D24: =admin_Levelezés!D21 -> ÜGYFÉLLEVELEZÉS | E24: =admin_Levelezés!E21 -> aktív | F24: igen | G24: 0 | H24: nem | I24: igen | J24: nem | K24: igen | L24: nem | M24: nem | N24: nem | O24: nem | P24: igen | Q24: 0 | S24: E-ÜSZI | T24: E-ÜSZI | U24: E-ÜSZI | V24: E-ÜSZI | W24: E-ÜSZI | Z24: E-ÜSZI | AA24: E-ÜSZI | AB24: E-ÜSZI | AC24: E-ÜSZI | AD24: E-ÜSZI | AG24: E-ÜSZI | AH24: E-ÜSZI | AI24: E-ÜSZI | AJ24: E-ÜSZI | AK24: SZ | AN24: SZ | AO24: E-ÜSZI | AP24: E-ÜSZI | AQ24: E-ÜSZI | AR24: E-ÜSZI | AU24: E-ÜSZI | AV24: E-ÜSZI | AW24: =SUM(AX24:BW24)+BZ24 -> 22 | AX24: =COUNTIF($R24:$AV24,AX$3) -> 0 | AY24: =COUNTIF($R24:$AV24,AY$3) -> 0 | AZ24: =COUNTIF($R24:$AV24,AZ$3) -> 0 | BA24: =COUNTIF($R24:$AV24,BA$3) -> 0 | BB24: =COUNTIF($R24:$AV24,BB$3) -> 0 | BC24: =COUNTIF($R24:$AV24,BC$3) -> 0 | BD24: =COUNTIF($R24:$AV24,BD$3) -> 0 | BE24: =COUNTIF($R24:$AV24,BE$3) -> 0 | ... BP24: =COUNTIF($R24:$AV24,BP$3) -> 0 | BQ24: =COUNTIF($R24:$AV24,BQ$3)+COUNTIF($R24:$AV24,"levelezés ho") -> 0 | BR24: =COUNTIF($R24:$AV24,BR$3) -> 0 | BS24: =COUNTIF($R24:$AV24,BS$3) -> 0 | BT24: =COUNTIF($R24:$AV24,BT$3) -> 0 | BU24: =COUNTIF($R24:$AV24,BU$3) -> 0 | BV24: =SUM(CA24:CC24) -> 0 | BW24: =COUNTIF($R24:$AV24,BW$3) -> 0 | BX24: =COUNTIF($R24:$AV24,BX$3) -> 0 | BY24: =COUNTIF($R24:$AV24,BY$3) -> 0 | BZ24: =COUNTIF($R24:$AV24,BZ$3) -> 2 | CA24: =COUNTIF($R24:$AV24,CA$3) -> 0 | CB24: =COUNTIF($R24:$AV24,CB$3) -> 0 | CC24: =COUNTIF($R24:$AV24,CC$3) -> 0
A25: =admin_Levelezés!A22 -> Vadász Anna | B25: =admin_Levelezés!B22 -> SZABÓ ÁGNES | C25: =admin_Levelezés!C22 -> M3 | D25: =admin_Levelezés!D22 -> ÜGYFÉLLEVELEZÉS | E25: =admin_Levelezés!E22 -> aktív | F25: 0 | G25: 0 | H25: 0 | I25: 0 | J25: 0 | K25: 0 | L25: 0 | M25: 0 | N25: 0 | O25: 0 | P25: 0 | Q25: 0 | S25: Angol levelezés | T25: Angol levelezés | U25: Angol levelezés | V25: Angol levelezés | W25: Angol levelezés | Z25: Angol levelezés | AA25: Angol levelezés | AB25: Angol levelezés | AC25: Angol levelezés | AD25: SZ | AG25: Angol levelezés | AH25: Angol levelezés | AI25: Angol levelezés | AJ25: Angol levelezés | AK25: Angol levelezés | AN25: Angol levelezés | AO25: Angol levelezés | AP25: Angol levelezés | AQ25: Angol levelezés | AR25: Angol levelezés | AU25: Angol levelezés | AV25: Angol levelezés | AW25: =SUM(AX25:BW25)+BZ25 -> 22 | AX25: =COUNTIF($R25:$AV25,AX$3) -> 21 | AY25: =COUNTIF($R25:$AV25,AY$3) -> 0 | AZ25: =COUNTIF($R25:$AV25,AZ$3) -> 0 | BA25: =COUNTIF($R25:$AV25,BA$3) -> 0 | BB25: =COUNTIF($R25:$AV25,BB$3) -> 0 | BC25: =COUNTIF($R25:$AV25,BC$3) -> 0 | BD25: =COUNTIF($R25:$AV25,BD$3) -> 0 | BE25: =COUNTIF($R25:$AV25,BE$3) -> 0 | ... BN25: =COUNTIF($R25:$AV25,BN$3) -> 0 | BP25: =COUNTIF($R25:$AV25,BP$3) -> 0 | BQ25: =COUNTIF($R25:$AV25,BQ$3)+COUNTIF($R25:$AV25,"levelezés ho") -> 0 | BR25: =COUNTIF($R25:$AV25,BR$3) -> 0 | BS25: =COUNTIF($R25:$AV25,BS$3) -> 0 | BT25: =COUNTIF($R25:$AV25,BT$3) -> 0 | BU25: =COUNTIF($R25:$AV25,BU$3) -> 0 | BV25: =COUNTIF($R25:$AV25,BV$3) -> 0 | BW25: =COUNTIF($R25:$AV25,BW$3) -> 0 | BX25: =COUNTIF($R25:$AV25,BX$3) -> 0 | BY25: =COUNTIF($R25:$AV25,BY$3) -> 0 | ... CC25: =COUNTIF($R25:$AV25,CC$3) -> 0
A26: =admin_Levelezés!A23 -> 0 | B26: =admin_Levelezés!B23 -> 0 | C26: =admin_Levelezés!C23 -> 0 | D26: =admin_Levelezés!D23 -> 0 | E26: =admin_Levelezés!E23 -> 0 | F26: 0 | G26: 0 | H26: 0 | I26: 0 | J26: 0 | K26: 0 | L26: 0 | M26: 0 | N26: 0 | O26: 0 | P26: 0 | Q26: 0 | AW26: =SUM(AX26:BV26)+BZ26+CA26+CB26+CC26 -> 0 | AX26: =COUNTIF($R26:$AV26,AX$3) -> 0 | AY26: =COUNTIF($R26:$AV26,AY$3) -> 0 | AZ26: =COUNTIF($R26:$AV26,AZ$3) -> 0 | BA26: =COUNTIF($R26:$AV26,BA$3) -> 0 | BB26: =COUNTIF($R26:$AV26,BB$3) -> 0 | BC26: =COUNTIF($R26:$AV26,BC$3) -> 0 | BD26: =COUNTIF($R26:$AV26,BD$3) -> 0 | BE26: =COUNTIF($R26:$AV26,BE$3) -> 0 | ... BN26: =COUNTIF($R26:$AV26,BN$3) -> 0 | BP26: =COUNTIF($R26:$AV26,BP$3) -> 0 | BQ26: =COUNTIF($R26:$AV26,BQ$3)+COUNTIF($R26:$AV26,"levelezés ho") -> 0 | BR26: =COUNTIF($R26:$AV26,BR$3) -> 0 | BS26: =COUNTIF($R26:$AV26,BS$3) -> 0 | BT26: =COUNTIF($R26:$AV26,BT$3) -> 0 | BU26: =COUNTIF($R26:$AV26,BU$3) -> 0 | BV26: =COUNTIF($R26:$AV26,BV$3) -> 0 | BX26: =COUNTIF($R26:$AV26,BX$3) -> 0 | BY26: =COUNTIF($R26:$AV26,BY$3) -> 0 | BZ26: =COUNTIF($R26:$AV26,BZ$3) -> 0 | CA26: =COUNTIF($R26:$AV26,CA$3) -> 0 | CB26: =COUNTIF($R26:$AV26,CB$3) -> 0 | CC26: =COUNTIF($R26:$AV26,CC$3) -> 0
A27: =admin_Levelezés!A24 -> 0 | B27: =admin_Levelezés!B24 -> 0 | C27: =admin_Levelezés!C24 -> 0 | D27: =admin_Levelezés!D24 -> 0 | E27: =admin_Levelezés!E24 -> 0 | F27: 0 | G27: 0 | H27: 0 | I27: 0 | J27: 0 | K27: 0 | L27: 0 | M27: 0 | N27: 0 | O27: 0 | P27: 0 | Q27: 0 | AW27: =SUM(AX27:BV27)+BZ27+CA27+CB27+CC27 -> 0 | AX27: =COUNTIF($R27:$AV27,AX$3) -> 0 | AY27: =COUNTIF($R27:$AV27,AY$3) -> 0 | AZ27: =COUNTIF($R27:$AV27,AZ$3) -> 0 | BA27: =COUNTIF($R27:$AV27,BA$3) -> 0 | BB27: =COUNTIF($R27:$AV27,BB$3) -> 0 | BC27: =COUNTIF($R27:$AV27,BC$3) -> 0 | BD27: =COUNTIF($R27:$AV27,BD$3) -> 0 | BE27: =COUNTIF($R27:$AV27,BE$3) -> 0 | ... BN27: =COUNTIF($R27:$AV27,BN$3) -> 0 | BP27: =COUNTIF($R27:$AV27,BP$3) -> 0 | BQ27: =COUNTIF($R27:$AV27,BQ$3)+COUNTIF($R27:$AV27,"levelezés ho") -> 0 | BR27: =COUNTIF($R27:$AV27,BR$3) -> 0 | BS27: =COUNTIF($R27:$AV27,BS$3) -> 0 | BT27: =COUNTIF($R27:$AV27,BT$3) -> 0 | BU27: =COUNTIF($R27:$AV27,BU$3) -> 0 | BV27: =COUNTIF($R27:$AV27,BV$3) -> 0 | BX27: =COUNTIF($R27:$AV27,BX$3) -> 0 | BY27: =COUNTIF($R27:$AV27,BY$3) -> 0 | BZ27: =COUNTIF($R27:$AV27,BZ$3) -> 0 | CA27: =COUNTIF($R27:$AV27,CA$3) -> 0 | CB27: =COUNTIF($R27:$AV27,CB$3) -> 0 | CC27: =COUNTIF($R27:$AV27,CC$3) -> 0
A28: =admin_Levelezés!A25 -> 0 | B28: =admin_Levelezés!B25 -> 0 | C28: =admin_Levelezés!C25 -> 0 | D28: =admin_Levelezés!D25 -> 0 | E28: =admin_Levelezés!E25 -> 0 | F28: 0 | G28: 0 | H28: 0 | I28: 0 | J28: 0 | K28: 0 | L28: 0 | M28: 0 | N28: 0 | O28: 0 | P28: 0 | Q28: 0 | AW28: =SUM(AX28:BV28)+BZ28+CA28+CB28+CC28 -> 0 | AX28: =COUNTIF($R28:$AV28,AX$3) -> 0 | AY28: =COUNTIF($R28:$AV28,AY$3) -> 0 | AZ28: =COUNTIF($R28:$AV28,AZ$3) -> 0 | BA28: =COUNTIF($R28:$AV28,BA$3) -> 0 | BB28: =COUNTIF($R28:$AV28,BB$3) -> 0 | BC28: =COUNTIF($R28:$AV28,BC$3) -> 0 | BD28: =COUNTIF($R28:$AV28,BD$3) -> 0 | BE28: =COUNTIF($R28:$AV28,BE$3) -> 0 | ... BN28: =COUNTIF($R28:$AV28,BN$3) -> 0 | BP28: =COUNTIF($R28:$AV28,BP$3) -> 0 | BQ28: =COUNTIF($R28:$AV28,BQ$3)+COUNTIF($R28:$AV28,"levelezés ho") -> 0 | BR28: =COUNTIF($R28:$AV28,BR$3) -> 0 | BS28: =COUNTIF($R28:$AV28,BS$3) -> 0 | BT28: =COUNTIF($R28:$AV28,BT$3) -> 0 | BU28: =COUNTIF($R28:$AV28,BU$3) -> 0 | BV28: =COUNTIF($R28:$AV28,BV$3) -> 0 | BX28: =COUNTIF($R28:$AV28,BX$3) -> 0 | BY28: =COUNTIF($R28:$AV28,BY$3) -> 0 | BZ28: =COUNTIF($R28:$AV28,BZ$3) -> 0 | CA28: =COUNTIF($R28:$AV28,CA$3) -> 0 | CB28: =COUNTIF($R28:$AV28,CB$3) -> 0 | CC28: =COUNTIF($R28:$AV28,CC$3) -> 0
A29: =admin_Levelezés!A26 -> 0 | B29: =admin_Levelezés!B26 -> 0 | C29: =admin_Levelezés!C26 -> 0 | D29: =admin_Levelezés!D26 -> 0 | E29: =admin_Levelezés!E26 -> 0 | F29: 0 | G29: 0 | H29: 0 | I29: 0 | J29: 0 | K29: 0 | L29: 0 | M29: 0 | N29: 0 | O29: 0 | P29: 0 | Q29: 0 | AW29: =SUM(AX29:BV29)+BZ29+CA29+CB29+CC29 -> 0 | AX29: =COUNTIF($R29:$AV29,AX$3) -> 0 | AY29: =COUNTIF($R29:$AV29,AY$3) -> 0 | AZ29: =COUNTIF($R29:$AV29,AZ$3) -> 0 | BA29: =COUNTIF($R29:$AV29,BA$3) -> 0 | BB29: =COUNTIF($R29:$AV29,BB$3) -> 0 | BC29: =COUNTIF($R29:$AV29,BC$3) -> 0 | BD29: =COUNTIF($R29:$AV29,BD$3) -> 0 | BE29: =COUNTIF($R29:$AV29,BE$3) -> 0 | ... BN29: =COUNTIF($R29:$AV29,BN$3) -> 0 | BP29: =COUNTIF($R29:$AV29,BP$3) -> 0 | BQ29: =COUNTIF($R29:$AV29,BQ$3)+COUNTIF($R29:$AV29,"levelezés ho") -> 0 | BR29: =COUNTIF($R29:$AV29,BR$3) -> 0 | BS29: =COUNTIF($R29:$AV29,BS$3) -> 0 | BT29: =COUNTIF($R29:$AV29,BT$3) -> 0 | BU29: =COUNTIF($R29:$AV29,BU$3) -> 0 | BV29: =COUNTIF($R29:$AV29,BV$3) -> 0 | BX29: =COUNTIF($R29:$AV29,BX$3) -> 0 | BY29: =COUNTIF($R29:$AV29,BY$3) -> 0 | BZ29: =COUNTIF($R29:$AV29,BZ$3) -> 0 | CA29: =COUNTIF($R29:$AV29,CA$3) -> 0 | CB29: =COUNTIF($R29:$AV29,CB$3) -> 0 | CC29: =COUNTIF($R29:$AV29,CC$3) -> 0
A30: =admin_Levelezés!A27 -> 0 | B30: =admin_Levelezés!B27 -> 0 | C30: =admin_Levelezés!C27 -> 0 | D30: =admin_Levelezés!D27 -> 0 | E30: =admin_Levelezés!E27 -> 0 | F30: 0 | G30: 0 | H30: 0 | I30: 0 | J30: 0 | K30: 0 | L30: 0 | M30: 0 | N30: 0 | O30: 0 | P30: 0 | Q30: 0 | AW30: =SUM(AX30:BV30)+BZ30+CA30+CB30+CC30 -> 0 | AX30: =COUNTIF($R30:$AV30,AX$3) -> 0 | AY30: =COUNTIF($R30:$AV30,AY$3) -> 0 | AZ30: =COUNTIF($R30:$AV30,AZ$3) -> 0 | BA30: =COUNTIF($R30:$AV30,BA$3) -> 0 | BB30: =COUNTIF($R30:$AV30,BB$3) -> 0 | BC30: =COUNTIF($R30:$AV30,BC$3) -> 0 | BD30: =COUNTIF($R30:$AV30,BD$3) -> 0 | BE30: =COUNTIF($R30:$AV30,BE$3) -> 0 | ... BN30: =COUNTIF($R30:$AV30,BN$3) -> 0 | BP30: =COUNTIF($R30:$AV30,BP$3) -> 0 | BQ30: =COUNTIF($R30:$AV30,BQ$3)+COUNTIF($R30:$AV30,"levelezés ho") -> 0 | BR30: =COUNTIF($R30:$AV30,BR$3) -> 0 | BS30: =COUNTIF($R30:$AV30,BS$3) -> 0 | BT30: =COUNTIF($R30:$AV30,BT$3) -> 0 | BU30: =COUNTIF($R30:$AV30,BU$3) -> 0 | BV30: =COUNTIF($R30:$AV30,BV$3) -> 0 | BX30: =COUNTIF($R30:$AV30,BX$3) -> 0 | BY30: =COUNTIF($R30:$AV30,BY$3) -> 0 | BZ30: =COUNTIF($R30:$AV30,BZ$3) -> 0 | CA30: =COUNTIF($R30:$AV30,CA$3) -> 0 | CB30: =COUNTIF($R30:$AV30,CB$3) -> 0 | CC30: =COUNTIF($R30:$AV30,CC$3) -> 0
A31: =admin_Levelezés!A28 -> 0 | B31: =admin_Levelezés!B28 -> 0 | C31: =admin_Levelezés!C28 -> 0 | D31: =admin_Levelezés!D28 -> 0 | E31: =admin_Levelezés!E28 -> 0 | F31: 0 | G31: 0 | H31: 0 | I31: 0 | J31: 0 | K31: 0 | L31: 0 | M31: 0 | N31: 0 | O31: 0 | P31: 0 | Q31: 0 | AW31: =SUM(AX31:BV31)+BZ31+CA31+CB31+CC31 -> 0 | AX31: =COUNTIF($R31:$AV31,AX$3) -> 0 | AY31: =COUNTIF($R31:$AV31,AY$3) -> 0 | AZ31: =COUNTIF($R31:$AV31,AZ$3) -> 0 | BA31: =COUNTIF($R31:$AV31,BA$3) -> 0 | BB31: =COUNTIF($R31:$AV31,BB$3) -> 0 | BC31: =COUNTIF($R31:$AV31,BC$3) -> 0 | BD31: =COUNTIF($R31:$AV31,BD$3) -> 0 | BE31: =COUNTIF($R31:$AV31,BE$3) -> 0 | ... BN31: =COUNTIF($R31:$AV31,BN$3) -> 0 | BP31: =COUNTIF($R31:$AV31,BP$3) -> 0 | BQ31: =COUNTIF($R31:$AV31,BQ$3)+COUNTIF($R31:$AV31,"levelezés ho") -> 0 | BR31: =COUNTIF($R31:$AV31,BR$3) -> 0 | BS31: =COUNTIF($R31:$AV31,BS$3) -> 0 | BT31: =COUNTIF($R31:$AV31,BT$3) -> 0 | BU31: =COUNTIF($R31:$AV31,BU$3) -> 0 | BV31: =COUNTIF($R31:$AV31,BV$3) -> 0 | BX31: =COUNTIF($R31:$AV31,BX$3) -> 0 | BY31: =COUNTIF($R31:$AV31,BY$3) -> 0 | BZ31: =COUNTIF($R31:$AV31,BZ$3) -> 0 | CA31: =COUNTIF($R31:$AV31,CA$3) -> 0 | CB31: =COUNTIF($R31:$AV31,CB$3) -> 0 | CC31: =COUNTIF($R31:$AV31,CC$3) -> 0
A32: =admin_Levelezés!A29 -> 0 | B32: =admin_Levelezés!B29 -> 0 | C32: =admin_Levelezés!C29 -> 0 | D32: =admin_Levelezés!D29 -> 0 | E32: =admin_Levelezés!E29 -> 0 | F32: 0 | G32: 0 | H32: 0 | I32: 0 | J32: 0 | K32: 0 | L32: 0 | M32: 0 | N32: 0 | O32: 0 | P32: 0 | Q32: 0 | AW32: =SUM(AX32:BV32)+BZ32+CA32+CB32+CC32 -> 0 | AX32: =COUNTIF($R32:$AV32,AX$3) -> 0 | AY32: =COUNTIF($R32:$AV32,AY$3) -> 0 | AZ32: =COUNTIF($R32:$AV32,AZ$3) -> 0 | BA32: =COUNTIF($R32:$AV32,BA$3) -> 0 | BB32: =COUNTIF($R32:$AV32,BB$3) -> 0 | BC32: =COUNTIF($R32:$AV32,BC$3) -> 0 | BD32: =COUNTIF($R32:$AV32,BD$3) -> 0 | BE32: =COUNTIF($R32:$AV32,BE$3) -> 0 | ... BN32: =COUNTIF($R32:$AV32,BN$3) -> 0 | BP32: =COUNTIF($R32:$AV32,BP$3) -> 0 | BQ32: =COUNTIF($R32:$AV32,BQ$3)+COUNTIF($R32:$AV32,"levelezés ho") -> 0 | BR32: =COUNTIF($R32:$AV32,BR$3) -> 0 | BS32: =COUNTIF($R32:$AV32,BS$3) -> 0 | BT32: =COUNTIF($R32:$AV32,BT$3) -> 0 | BU32: =COUNTIF($R32:$AV32,BU$3) -> 0 | BV32: =COUNTIF($R32:$AV32,BV$3) -> 0 | BX32: =COUNTIF($R32:$AV32,BX$3) -> 0 | BY32: =COUNTIF($R32:$AV32,BY$3) -> 0 | BZ32: =COUNTIF($R32:$AV32,BZ$3) -> 0 | CA32: =COUNTIF($R32:$AV32,CA$3) -> 0 | CB32: =COUNTIF($R32:$AV32,CB$3) -> 0 | CC32: =COUNTIF($R32:$AV32,CC$3) -> 0
A33: =admin_Levelezés!A30 -> 0 | B33: =admin_Levelezés!B30 -> 0 | C33: =admin_Levelezés!C30 -> 0 | D33: =admin_Levelezés!D30 -> 0 | E33: =admin_Levelezés!E30 -> 0 | F33: 0 | G33: 0 | H33: 0 | I33: 0 | J33: 0 | K33: 0 | L33: 0 | M33: 0 | N33: 0 | O33: 0 | P33: 0 | Q33: 0 | AW33: =SUM(AX33:BV33)+BZ33+CA33+CB33+CC33 -> 0 | AX33: =COUNTIF($R33:$AV33,AX$3) -> 0 | AY33: =COUNTIF($R33:$AV33,AY$3) -> 0 | AZ33: =COUNTIF($R33:$AV33,AZ$3) -> 0 | BA33: =COUNTIF($R33:$AV33,BA$3) -> 0 | BB33: =COUNTIF($R33:$AV33,BB$3) -> 0 | BC33: =COUNTIF($R33:$AV33,BC$3) -> 0 | BD33: =COUNTIF($R33:$AV33,BD$3) -> 0 | BE33: =COUNTIF($R33:$AV33,BE$3) -> 0 | ... BN33: =COUNTIF($R33:$AV33,BN$3) -> 0 | BP33: =COUNTIF($R33:$AV33,BP$3) -> 0 | BQ33: =COUNTIF($R33:$AV33,BQ$3)+COUNTIF($R33:$AV33,"levelezés ho") -> 0 | BR33: =COUNTIF($R33:$AV33,BR$3) -> 0 | BS33: =COUNTIF($R33:$AV33,BS$3) -> 0 | BT33: =COUNTIF($R33:$AV33,BT$3) -> 0 | BU33: =COUNTIF($R33:$AV33,BU$3) -> 0 | BV33: =COUNTIF($R33:$AV33,BV$3) -> 0 | BX33: =COUNTIF($R33:$AV33,BX$3) -> 0 | BY33: =COUNTIF($R33:$AV33,BY$3) -> 0 | BZ33: =COUNTIF($R33:$AV33,BZ$3) -> 0 | CA33: =COUNTIF($R33:$AV33,CA$3) -> 0 | CB33: =COUNTIF($R33:$AV33,CB$3) -> 0 | CC33: =COUNTIF($R33:$AV33,CC$3) -> 0
A34: =admin_Levelezés!A31 -> 0 | B34: =admin_Levelezés!B31 -> 0 | C34: =admin_Levelezés!C31 -> 0 | D34: =admin_Levelezés!D31 -> 0 | E34: =admin_Levelezés!E31 -> 0 | F34: 0 | G34: 0 | H34: 0 | I34: 0 | J34: 0 | K34: 0 | L34: 0 | M34: 0 | N34: 0 | O34: 0 | P34: 0 | Q34: 0 | AW34: =SUM(AX34:BV34)+BZ34+CA34+CB34+CC34 -> 0 | AX34: =COUNTIF($R34:$AV34,AX$3) -> 0 | AY34: =COUNTIF($R34:$AV34,AY$3) -> 0 | AZ34: =COUNTIF($R34:$AV34,AZ$3) -> 0 | BA34: =COUNTIF($R34:$AV34,BA$3) -> 0 | BB34: =COUNTIF($R34:$AV34,BB$3) -> 0 | BC34: =COUNTIF($R34:$AV34,BC$3) -> 0 | BD34: =COUNTIF($R34:$AV34,BD$3) -> 0 | BE34: =COUNTIF($R34:$AV34,BE$3) -> 0 | ... BN34: =COUNTIF($R34:$AV34,BN$3) -> 0 | BP34: =COUNTIF($R34:$AV34,BP$3) -> 0 | BQ34: =COUNTIF($R34:$AV34,BQ$3)+COUNTIF($R34:$AV34,"levelezés ho") -> 0 | BR34: =COUNTIF($R34:$AV34,BR$3) -> 0 | BS34: =COUNTIF($R34:$AV34,BS$3) -> 0 | BT34: =COUNTIF($R34:$AV34,BT$3) -> 0 | BU34: =COUNTIF($R34:$AV34,BU$3) -> 0 | BV34: =COUNTIF($R34:$AV34,BV$3) -> 0 | BX34: =COUNTIF($R34:$AV34,BX$3) -> 0 | BY34: =COUNTIF($R34:$AV34,BY$3) -> 0 | BZ34: =COUNTIF($R34:$AV34,BZ$3) -> 0 | CA34: =COUNTIF($R34:$AV34,CA$3) -> 0 | CB34: =COUNTIF($R34:$AV34,CB$3) -> 0 | CC34: =COUNTIF($R34:$AV34,CC$3) -> 0
A35: =admin_Levelezés!A32 -> 0 | B35: =admin_Levelezés!B32 -> 0 | C35: =admin_Levelezés!C32 -> 0 | D35: =admin_Levelezés!D32 -> 0 | E35: =admin_Levelezés!E32 -> 0 | F35: 0 | G35: 0 | H35: 0 | I35: 0 | J35: 0 | K35: 0 | L35: 0 | M35: 0 | N35: 0 | O35: 0 | P35: 0 | Q35: 0 | AW35: =SUM(AX35:BV35)+BZ35+CA35+CB35+CC35 -> 0 | AX35: =COUNTIF($R35:$AV35,AX$3) -> 0 | AY35: =COUNTIF($R35:$AV35,AY$3) -> 0 | AZ35: =COUNTIF($R35:$AV35,AZ$3) -> 0 | BA35: =COUNTIF($R35:$AV35,BA$3) -> 0 | BB35: =COUNTIF($R35:$AV35,BB$3) -> 0 | BC35: =COUNTIF($R35:$AV35,BC$3) -> 0 | BD35: =COUNTIF($R35:$AV35,BD$3) -> 0 | BE35: =COUNTIF($R35:$AV35,BE$3) -> 0 | ... BN35: =COUNTIF($R35:$AV35,BN$3) -> 0 | BP35: =COUNTIF($R35:$AV35,BP$3) -> 0 | BQ35: =COUNTIF($R35:$AV35,BQ$3)+COUNTIF($R35:$AV35,"levelezés ho") -> 0 | BR35: =COUNTIF($R35:$AV35,BR$3) -> 0 | BS35: =COUNTIF($R35:$AV35,BS$3) -> 0 | BT35: =COUNTIF($R35:$AV35,BT$3) -> 0 | BU35: =COUNTIF($R35:$AV35,BU$3) -> 0 | BV35: =COUNTIF($R35:$AV35,BV$3) -> 0 | BX35: =COUNTIF($R35:$AV35,BX$3) -> 0 | BY35: =COUNTIF($R35:$AV35,BY$3) -> 0 | BZ35: =COUNTIF($R35:$AV35,BZ$3) -> 0 | CA35: =COUNTIF($R35:$AV35,CA$3) -> 0 | CB35: =COUNTIF($R35:$AV35,CB$3) -> 0 | CC35: =COUNTIF($R35:$AV35,CC$3) -> 0
A36: =admin_Levelezés!A33 -> 0 | B36: =admin_Levelezés!B33 -> 0 | C36: =admin_Levelezés!C33 -> 0 | D36: =admin_Levelezés!D33 -> 0 | E36: =admin_Levelezés!E33 -> 0 | F36: 0 | G36: 0 | H36: 0 | I36: 0 | J36: 0 | K36: 0 | L36: 0 | M36: 0 | N36: 0 | O36: 0 | P36: 0 | Q36: 0 | AW36: =SUM(AX36:BV36)+BZ36+CA36+CB36+CC36 -> 0 | AX36: =COUNTIF($R36:$AV36,AX$3) -> 0 | AY36: =COUNTIF($R36:$AV36,AY$3) -> 0 | AZ36: =COUNTIF($R36:$AV36,AZ$3) -> 0 | BA36: =COUNTIF($R36:$AV36,BA$3) -> 0 | BB36: =COUNTIF($R36:$AV36,BB$3) -> 0 | BC36: =COUNTIF($R36:$AV36,BC$3) -> 0 | BD36: =COUNTIF($R36:$AV36,BD$3) -> 0 | BE36: =COUNTIF($R36:$AV36,BE$3) -> 0 | ... BN36: =COUNTIF($R36:$AV36,BN$3) -> 0 | BP36: =COUNTIF($R36:$AV36,BP$3) -> 0 | BQ36: =COUNTIF($R36:$AV36,BQ$3)+COUNTIF($R36:$AV36,"levelezés ho") -> 0 | BR36: =COUNTIF($R36:$AV36,BR$3) -> 0 | BS36: =COUNTIF($R36:$AV36,BS$3) -> 0 | BT36: =COUNTIF($R36:$AV36,BT$3) -> 0 | BU36: =COUNTIF($R36:$AV36,BU$3) -> 0 | BV36: =COUNTIF($R36:$AV36,BV$3) -> 0 | BX36: =COUNTIF($R36:$AV36,BX$3) -> 0 | BY36: =COUNTIF($R36:$AV36,BY$3) -> 0 | BZ36: =COUNTIF($R36:$AV36,BZ$3) -> 0 | CA36: =COUNTIF($R36:$AV36,CA$3) -> 0 | CB36: =COUNTIF($R36:$AV36,CB$3) -> 0 | CC36: =COUNTIF($R36:$AV36,CC$3) -> 0
A37: =admin_Levelezés!A34 -> 0 | B37: =admin_Levelezés!B34 -> 0 | C37: =admin_Levelezés!C34 -> 0 | D37: =admin_Levelezés!D34 -> 0 | E37: =admin_Levelezés!E34 -> 0 | F37: 0 | G37: 0 | H37: 0 | I37: 0 | J37: 0 | K37: 0 | L37: 0 | M37: 0 | N37: 0 | O37: 0 | P37: 0 | Q37: 0 | AW37: =SUM(AX37:BV37)+BZ37+CA37+CB37+CC37 -> 0 | AX37: =COUNTIF($R37:$AV37,AX$3) -> 0 | AY37: =COUNTIF($R37:$AV37,AY$3) -> 0 | AZ37: =COUNTIF($R37:$AV37,AZ$3) -> 0 | BA37: =COUNTIF($R37:$AV37,BA$3) -> 0 | BB37: =COUNTIF($R37:$AV37,BB$3) -> 0 | BC37: =COUNTIF($R37:$AV37,BC$3) -> 0 | BD37: =COUNTIF($R37:$AV37,BD$3) -> 0 | BE37: =COUNTIF($R37:$AV37,BE$3) -> 0 | ... BN37: =COUNTIF($R37:$AV37,BN$3) -> 0 | BP37: =COUNTIF($R37:$AV37,BP$3) -> 0 | BQ37: =COUNTIF($R37:$AV37,BQ$3)+COUNTIF($R37:$AV37,"levelezés ho") -> 0 | BR37: =COUNTIF($R37:$AV37,BR$3) -> 0 | BS37: =COUNTIF($R37:$AV37,BS$3) -> 0 | BT37: =COUNTIF($R37:$AV37,BT$3) -> 0 | BU37: =COUNTIF($R37:$AV37,BU$3) -> 0 | BV37: =COUNTIF($R37:$AV37,BV$3) -> 0 | BX37: =COUNTIF($R37:$AV37,BX$3) -> 0 | BY37: =COUNTIF($R37:$AV37,BY$3) -> 0 | BZ37: =COUNTIF($R37:$AV37,BZ$3) -> 0 | CA37: =COUNTIF($R37:$AV37,CA$3) -> 0 | CB37: =COUNTIF($R37:$AV37,CB$3) -> 0 | CC37: =COUNTIF($R37:$AV37,CC$3) -> 0
... A62: =admin_Levelezés!A59 -> 0 | B62: =admin_Levelezés!B59 -> 0 | C62: =admin_Levelezés!C59 -> 0 | D62: =admin_Levelezés!D59 -> 0 | E62: =admin_Levelezés!E59 -> 0 | F62: 0 | G62: 0 | H62: 0 | I62: 0 | J62: 0 | K62: 0 | L62: 0 | M62: 0 | N62: 0 | O62: 0 | P62: 0 | Q62: 0 | AW62: =SUM(AX62:BV62)+BZ62+CA62+CB62+CC62 -> 0 | AX62: =COUNTIF($R62:$AV62,AX$3) -> 0 | AY62: =COUNTIF($R62:$AV62,AY$3) -> 0 | AZ62: =COUNTIF($R62:$AV62,AZ$3) -> 0 | BA62: =COUNTIF($R62:$AV62,BA$3) -> 0 | BB62: =COUNTIF($R62:$AV62,BB$3) -> 0 | BC62: =COUNTIF($R62:$AV62,BC$3) -> 0 | BD62: =COUNTIF($R62:$AV62,BD$3) -> 0 | BE62: =COUNTIF($R62:$AV62,BE$3) -> 0 | ... BN62: =COUNTIF($R62:$AV62,BN$3) -> 0 | BP62: =COUNTIF($R62:$AV62,BP$3) -> 0 | BQ62: =COUNTIF($R62:$AV62,BQ$3)+COUNTIF($R62:$AV62,"levelezés ho") -> 0 | BR62: =COUNTIF($R62:$AV62,BR$3) -> 0 | BS62: =COUNTIF($R62:$AV62,BS$3) -> 0 | BT62: =COUNTIF($R62:$AV62,BT$3) -> 0 | BU62: =COUNTIF($R62:$AV62,BU$3) -> 0 | BV62: =COUNTIF($R62:$AV62,BV$3) -> 0 | BX62: =COUNTIF($R62:$AV62,BX$3) -> 0 | BY62: =COUNTIF($R62:$AV62,BY$3) -> 0 | BZ62: =COUNTIF($R62:$AV62,BZ$3) -> 0 | CA62: =COUNTIF($R62:$AV62,CA$3) -> 0 | CB62: =COUNTIF($R62:$AV62,CB$3) -> 0 | CC62: =COUNTIF($R62:$AV62,CC$3) -> 0
A63: =admin_Levelezés!A60 -> Feri | B63: =admin_Levelezés!B60 -> 0 | C63: =admin_Levelezés!C60 -> 0 | D63: =admin_Levelezés!D60 -> 0 | E63: =admin_Levelezés!E60 -> inaktív | F63: 0 | G63: 0 | H63: 0 | I63: 0 | J63: 0 | K63: 0 | L63: 0 | M63: 0 | N63: 0 | O63: 0 | P63: 0 | Q63: 0 | AW63: =SUM(AX63:BT63)+BX63 -> 0 | AX63: =COUNTIF($R63:$AV63,AX$3) -> 0 | AY63: =COUNTIF($R63:$AV63,AY$3) -> 0 | AZ63: =COUNTIF($R63:$AV63,AZ$3) -> 0 | BA63: =COUNTIF($R63:$AV63,BA$3) -> 0 | BB63: =COUNTIF($R63:$AV63,BB$3) -> 0 | BC63: =COUNTIF($R63:$AV63,BC$3) -> 0 | BD63: =COUNTIF($R63:$AV63,BD$3) -> 0 | BE63: =COUNTIF($R63:$AV63,BE$3) -> 0 | ... BN63: =COUNTIF($R63:$AV63,BN$3) -> 0 | BP63: =COUNTIF($R63:$AV63,BP$3) -> 0 | BQ63: =COUNTIF($R63:$AV63,BQ$3)+COUNTIF($R63:$AV63,"levelezés ho") -> 0 | BR63: =COUNTIF($R63:$AV63,BR$3) -> 0 | BS63: =COUNTIF($R63:$AV63,BS$3) -> 0 | BT63: =COUNTIF($R63:$AV63,BT$3) -> 0 | BU63: =COUNTIF($R63:$AV63,BU$3) -> 0 | BV63: =COUNTIF($R63:$AV63,BV$3) -> 0 | BX63: =COUNTIF($R63:$AV63,BX$3) -> 0 | BY63: =COUNTIF($R63:$AV63,BY$3) -> 0 | BZ63: =COUNTIF($R63:$AV63,BZ$3) -> 0 | CA63: =COUNTIF($R63:$AV63,CA$3) -> 0 | CB63: =COUNTIF($R63:$AV63,CB$3) -> 0 | CC63: =COUNTIF($R63:$AV63,CC$3) -> 0
A64: -

Sheet Levelezés
L1: =Beosztás!T42 -> 2026.03.01 | M1: =Beosztás!U42 -> 46083 | N1: =Beosztás!V42 -> 46084 | O1: =Beosztás!W42 -> 46085 | P1: =Beosztás!X42 -> 46086 | Q1: =Beosztás!Y42 -> 46087 | R1: =Beosztás!Z42 -> 46088 | S1: =Beosztás!AA42 -> 46089 | ... AP1: =Beosztás!AX42 -> 46112
L2: =WEEKDAY(L1) -> 1 | M2: =WEEKDAY(M1) -> 2 | N2: =WEEKDAY(N1) -> 3 | O2: =WEEKDAY(O1) -> 4 | P2: =WEEKDAY(P1) -> 5 | Q2: =WEEKDAY(Q1) -> 6 | R2: =WEEKDAY(R1) -> 7 | S2: =WEEKDAY(S1) -> 1 | ... AP2: =WEEKDAY(AP1) -> 3
L3: =IF(L2=1,"Vasárnap",IF(L2=2,"Hétfő",IF(L2=3,"Kedd",IF(L2=4,"Szerda",IF(L2=5,"Csütörtök",IF(L2=6,"Péntek",IF(L2=7,"Szombat",""))))))) -> Vasárnap | M3: =IF(M2=1,"Vasárnap",IF(M2=2,"Hétfő",IF(M2=3,"Kedd",IF(M2=4,"Szerda",IF(M2=5,"Csütörtök",IF(M2=6,"Péntek",IF(M2=7,"Szombat",""))))))) -> Hétfő | N3: =IF(N2=1,"Vasárnap",IF(N2=2,"Hétfő",IF(N2=3,"Kedd",IF(N2=4,"Szerda",IF(N2=5,"Csütörtök",IF(N2=6,"Péntek",IF(N2=7,"Szombat",""))))))) -> Kedd | O3: =IF(O2=1,"Vasárnap",IF(O2=2,"Hétfő",IF(O2=3,"Kedd",IF(O2=4,"Szerda",IF(O2=5,"Csütörtök",IF(O2=6,"Péntek",IF(O2=7,"Szombat",""))))))) -> Szerda | P3: =IF(P2=1,"Vasárnap",IF(P2=2,"Hétfő",IF(P2=3,"Kedd",IF(P2=4,"Szerda",IF(P2=5,"Csütörtök",IF(P2=6,"Péntek",IF(P2=7,"Szombat",""))))))) -> Csütörtök | Q3: =IF(Q2=1,"Vasárnap",IF(Q2=2,"Hétfő",IF(Q2=3,"Kedd",IF(Q2=4,"Szerda",IF(Q2=5,"Csütörtök",IF(Q2=6,"Péntek",IF(Q2=7,"Szombat",""))))))) -> Péntek | R3: =IF(R2=1,"Vasárnap",IF(R2=2,"Hétfő",IF(R2=3,"Kedd",IF(R2=4,"Szerda",IF(R2=5,"Csütörtök",IF(R2=6,"Péntek",IF(R2=7,"Szombat",""))))))) -> Szombat | S3: =IF(S2=1,"Vasárnap",IF(S2=2,"Hétfő",IF(S2=3,"Kedd",IF(S2=4,"Szerda",IF(S2=5,"Csütörtök",IF(S2=6,"Péntek",IF(S2=7,"Szombat",""))))))) -> Vasárnap | ... AP3: =IF(AP2=1,"Vasárnap",IF(AP2=2,"Hétfő",IF(AP2=3,"Kedd",IF(AP2=4,"Szerda",IF(AP2=5,"Csütörtök",IF(AP2=6,"Péntek",IF(AP2=7,"Szombat",""))))))) -> Kedd
K4: Levelezési tevékenység
A5: =Beosztás!A43 -> Barna Emőke | B5: =VLOOKUP($A5,Beosztás!$A$42:$I$347,8,) -> igen | C5: =VLOOKUP($A5,Beosztás!$A$42:$Q$347,9,) -> igen | D5: =VLOOKUP($A5,Beosztás!$A$42:$Q$3501,10,) -> nem | E5: =VLOOKUP($A5,Beosztás!$A$42:$Q$347,11,) -> nem | F5: =VLOOKUP($A5,Beosztás!$A$42:$Q$347,16,) -> nem | G5: =VLOOKUP($A5,Beosztás!$A$42:$S$347,17,) -> 0 | H5: =VLOOKUP($A5,Beosztás!$A$42:$S$347,14,) -> nem | I5: =VLOOKUP($A5,Beosztás!$A$42:$S$347,15,) -> nem | J5: =IF(B5="igen",1,"0")+IF(C5="igen",1,"0")+IF(D5="igen",1,"0")+IF(E5="igen",1,"0")++IF(F5="igen",1,"0")++IF(G5="igen",1,"0")++IF(H5="igen",1,"0")++IF(I5="igen",1,"0") -> 2 | K5: =IF(J5>0,"igen","nem") -> igen | L5: =IF($K5="igen",Beosztás!T43,"") -> 0 | M5: =IF($K5="igen",Beosztás!U43,"") -> Levélírás | N5: =IF($K5="igen",Beosztás!V43,"") -> Levélírás | O5: =IF($K5="igen",Beosztás!W43,"") -> Levélírás | P5: =IF($K5="igen",Beosztás!X43,"") -> Levélírás | Q5: =IF($K5="igen",Beosztás!Y43,"") -> Levélírás | R5: =IF($K5="igen",Beosztás!Z43,"") -> 0 | S5: =IF($K5="igen",Beosztás!AA43,"") -> 0 | ... AP5: =IF($K5="igen",Beosztás!AX43,"") -> Levélírás
A6: =Beosztás!A44 -> Basa Istvánné | B6: =VLOOKUP($A6,Beosztás!$A$42:$I$347,8,) -> igen | C6: =VLOOKUP($A6,Beosztás!$A$42:$Q$347,9,) -> igen | D6: =VLOOKUP($A6,Beosztás!$A$42:$Q$3501,10,) -> nem | E6: =VLOOKUP($A6,Beosztás!$A$42:$Q$347,11,) -> nem | F6: =VLOOKUP($A6,Beosztás!$A$42:$Q$347,16,) -> nem | G6: =VLOOKUP($A6,Beosztás!$A$42:$S$347,17,) -> 0 | H6: =VLOOKUP($A6,Beosztás!$A$42:$S$347,14,) -> igen | I6: =VLOOKUP($A6,Beosztás!$A$42:$S$347,15,) -> nem | J6: =IF(B6="igen",1,"0")+IF(C6="igen",1,"0")+IF(D6="igen",1,"0")+IF(E6="igen",1,"0")++IF(F6="igen",1,"0")++IF(G6="igen",1,"0")++IF(H6="igen",1,"0")++IF(I6="igen",1,"0") -> 3 | K6: =IF(J6>0,"igen","nem") -> igen | L6: =IF($K6="igen",Beosztás!T44,"") -> 0 | M6: =IF($K6="igen",Beosztás!U44,"") -> ÜSZI | N6: =IF($K6="igen",Beosztás!V44,"") -> ÜSZI | O6: =IF($K6="igen",Beosztás!W44,"") -> ÜSZI | P6: =IF($K6="igen",Beosztás!X44,"") -> ÜSZI | Q6: =IF($K6="igen",Beosztás!Y44,"") -> ÜSZI | R6: =IF($K6="igen",Beosztás!Z44,"") -> 0 | S6: =IF($K6="igen",Beosztás!AA44,"") -> 0 | ... AP6: =IF($K6="igen",Beosztás!AX44,"") -> ÜSZI
A7: =Beosztás!A45 -> Bottyáni Vanda | B7: =VLOOKUP($A7,Beosztás!$A$42:$I$347,8,) -> igen | C7: =VLOOKUP($A7,Beosztás!$A$42:$Q$347,9,) -> igen | D7: =VLOOKUP($A7,Beosztás!$A$42:$Q$3501,10,) -> nem | E7: =VLOOKUP($A7,Beosztás!$A$42:$Q$347,11,) -> nem | F7: =VLOOKUP($A7,Beosztás!$A$42:$Q$347,16,) -> nem | G7: =VLOOKUP($A7,Beosztás!$A$42:$S$347,17,) -> 0 | H7: =VLOOKUP($A7,Beosztás!$A$42:$S$347,14,) -> igen | I7: =VLOOKUP($A7,Beosztás!$A$42:$S$347,15,) -> nem | J7: =IF(B7="igen",1,"0")+IF(C7="igen",1,"0")+IF(D7="igen",1,"0")+IF(E7="igen",1,"0")++IF(F7="igen",1,"0")++IF(G7="igen",1,"0")++IF(H7="igen",1,"0")++IF(I7="igen",1,"0") -> 3 | K7: =IF(J7>0,"igen","nem") -> igen | L7: =IF($K7="igen",Beosztás!T45,"") -> 0 | M7: =IF($K7="igen",Beosztás!U45,"") -> Levélírás | N7: =IF($K7="igen",Beosztás!V45,"") -> Levélírás | O7: =IF($K7="igen",Beosztás!W45,"") -> Levélírás | P7: =IF($K7="igen",Beosztás!X45,"") -> Levélírás | Q7: =IF($K7="igen",Beosztás!Y45,"") -> Levélírás | R7: =IF($K7="igen",Beosztás!Z45,"") -> 0 | S7: =IF($K7="igen",Beosztás!AA45,"") -> 0 | ... AP7: =IF($K7="igen",Beosztás!AX45,"") -> ÜSZI
A8: =Beosztás!A46 -> Egresiné Várhelyi Eszter Fanni | B8: =VLOOKUP($A8,Beosztás!$A$42:$I$347,8,) -> igen | C8: =VLOOKUP($A8,Beosztás!$A$42:$Q$347,9,) -> igen | D8: =VLOOKUP($A8,Beosztás!$A$42:$Q$3501,10,) -> nem | E8: =VLOOKUP($A8,Beosztás!$A$42:$Q$347,11,) -> nem | F8: =VLOOKUP($A8,Beosztás!$A$42:$Q$347,16,) -> nem | G8: =VLOOKUP($A8,Beosztás!$A$42:$S$347,17,) -> 0 | H8: =VLOOKUP($A8,Beosztás!$A$42:$S$347,14,) -> nem | I8: =VLOOKUP($A8,Beosztás!$A$42:$S$347,15,) -> nem | J8: =IF(B8="igen",1,"0")+IF(C8="igen",1,"0")+IF(D8="igen",1,"0")+IF(E8="igen",1,"0")++IF(F8="igen",1,"0")++IF(G8="igen",1,"0")++IF(H8="igen",1,"0")++IF(I8="igen",1,"0") -> 2 | K8: =IF(J8>0,"igen","nem") -> igen | L8: =IF($K8="igen",Beosztás!T46,"") -> 0 | M8: =IF($K8="igen",Beosztás!U46,"") -> ÜSZI | N8: =IF($K8="igen",Beosztás!V46,"") -> ÜSZI | O8: =IF($K8="igen",Beosztás!W46,"") -> Levelezés EM | P8: =IF($K8="igen",Beosztás!X46,"") -> Levelezés EM | Q8: =IF($K8="igen",Beosztás!Y46,"") -> ÜSZI | R8: =IF($K8="igen",Beosztás!Z46,"") -> 0 | S8: =IF($K8="igen",Beosztás!AA46,"") -> 0 | ... AP8: =IF($K8="igen",Beosztás!AX46,"") -> Levélírás
A9: =Beosztás!A47 -> Fejér Zsuzsanna | B9: =VLOOKUP($A9,Beosztás!$A$42:$I$347,8,) -> igen | C9: =VLOOKUP($A9,Beosztás!$A$42:$Q$347,9,) -> igen | D9: =VLOOKUP($A9,Beosztás!$A$42:$Q$3501,10,) -> nem | E9: =VLOOKUP($A9,Beosztás!$A$42:$Q$347,11,) -> nem | F9: =VLOOKUP($A9,Beosztás!$A$42:$Q$347,16,) -> nem | G9: =VLOOKUP($A9,Beosztás!$A$42:$S$347,17,) -> 0 | H9: =VLOOKUP($A9,Beosztás!$A$42:$S$347,14,) -> nem | I9: =VLOOKUP($A9,Beosztás!$A$42:$S$347,15,) -> nem | J9: =IF(B9="igen",1,"0")+IF(C9="igen",1,"0")+IF(D9="igen",1,"0")+IF(E9="igen",1,"0")++IF(F9="igen",1,"0")++IF(G9="igen",1,"0")++IF(H9="igen",1,"0")++IF(I9="igen",1,"0") -> 2 | K9: =IF(J9>0,"igen","nem") -> igen | L9: =IF($K9="igen",Beosztás!T47,"") -> 0 | M9: =IF($K9="igen",Beosztás!U47,"") -> ÜSZI | N9: =IF($K9="igen",Beosztás!V47,"") -> ÜSZI | O9: =IF($K9="igen",Beosztás!W47,"") -> ÜSZI | P9: =IF($K9="igen",Beosztás!X47,"") -> ÜSZI | Q9: =IF($K9="igen",Beosztás!Y47,"") -> ÜSZI | R9: =IF($K9="igen",Beosztás!Z47,"") -> 0 | S9: =IF($K9="igen",Beosztás!AA47,"") -> 0 | ... AP9: =IF($K9="igen",Beosztás!AX47,"") -> ÜSZI
A10: =Beosztás!A48 -> Horváth Julianna | B10: =VLOOKUP($A10,Beosztás!$A$42:$I$347,8,) -> igen | C10: =VLOOKUP($A10,Beosztás!$A$42:$Q$347,9,) -> igen | D10: =VLOOKUP($A10,Beosztás!$A$42:$Q$3501,10,) -> nem | E10: =VLOOKUP($A10,Beosztás!$A$42:$Q$347,11,) -> nem | F10: =VLOOKUP($A10,Beosztás!$A$42:$Q$347,16,) -> nem | G10: =VLOOKUP($A10,Beosztás!$A$42:$S$347,17,) -> 0 | H10: =VLOOKUP($A10,Beosztás!$A$42:$S$347,14,) -> nem | I10: =VLOOKUP($A10,Beosztás!$A$42:$S$347,15,) -> nem | J10: =IF(B10="igen",1,"0")+IF(C10="igen",1,"0")+IF(D10="igen",1,"0")+IF(E10="igen",1,"0")++IF(F10="igen",1,"0")++IF(G10="igen",1,"0")++IF(H10="igen",1,"0")++IF(I10="igen",1,"0") -> 2 | K10: =IF(J10>0,"igen","nem") -> igen | L10: =IF($K10="igen",Beosztás!T48,"") -> 0 | M10: =IF($K10="igen",Beosztás!U48,"") -> ÜSZI | N10: =IF($K10="igen",Beosztás!V48,"") -> ÜSZI | O10: =IF($K10="igen",Beosztás!W48,"") -> ÜSZI | P10: =IF($K10="igen",Beosztás!X48,"") -> ÜSZI | Q10: =IF($K10="igen",Beosztás!Y48,"") -> ÜSZI | R10: =IF($K10="igen",Beosztás!Z48,"") -> 0 | S10: =IF($K10="igen",Beosztás!AA48,"") -> 0 | ... AP10: =IF($K10="igen",Beosztás!AX48,"") -> Levélírás
A11: =Beosztás!A49 -> Horváth Tibor | B11: =VLOOKUP($A11,Beosztás!$A$42:$I$347,8,) -> igen | C11: =VLOOKUP($A11,Beosztás!$A$42:$Q$347,9,) -> igen | D11: =VLOOKUP($A11,Beosztás!$A$42:$Q$3501,10,) -> nem | E11: =VLOOKUP($A11,Beosztás!$A$42:$Q$347,11,) -> nem | F11: =VLOOKUP($A11,Beosztás!$A$42:$Q$347,16,) -> nem | G11: =VLOOKUP($A11,Beosztás!$A$42:$S$347,17,) -> 0 | H11: =VLOOKUP($A11,Beosztás!$A$42:$S$347,14,) -> nem | I11: =VLOOKUP($A11,Beosztás!$A$42:$S$347,15,) -> nem | J11: =IF(B11="igen",1,"0")+IF(C11="igen",1,"0")+IF(D11="igen",1,"0")+IF(E11="igen",1,"0")++IF(F11="igen",1,"0")++IF(G11="igen",1,"0")++IF(H11="igen",1,"0")++IF(I11="igen",1,"0") -> 2 | K11: =IF(J11>0,"igen","nem") -> igen | L11: =IF($K11="igen",Beosztás!T49,"") -> 0 | M11: =IF($K11="igen",Beosztás!U49,"") -> ÜSZI | N11: =IF($K11="igen",Beosztás!V49,"") -> ÜSZI | O11: =IF($K11="igen",Beosztás!W49,"") -> ÜSZI | P11: =IF($K11="igen",Beosztás!X49,"") -> ÜSZI | Q11: =IF($K11="igen",Beosztás!Y49,"") -> ÜSZI | R11: =IF($K11="igen",Beosztás!Z49,"") -> 0 | S11: =IF($K11="igen",Beosztás!AA49,"") -> 0 | ... AP11: =IF($K11="igen",Beosztás!AX49,"") -> ÜSZI
A12: =Beosztás!A50 -> Lukács Anna | B12: =VLOOKUP($A12,Beosztás!$A$42:$I$347,8,) -> igen | C12: =VLOOKUP($A12,Beosztás!$A$42:$Q$347,9,) -> nem | D12: =VLOOKUP($A12,Beosztás!$A$42:$Q$3501,10,) -> nem | E12: =VLOOKUP($A12,Beosztás!$A$42:$Q$347,11,) -> nem | F12: =VLOOKUP($A12,Beosztás!$A$42:$Q$347,16,) -> nem | G12: =VLOOKUP($A12,Beosztás!$A$42:$S$347,17,) -> 0 | H12: =VLOOKUP($A12,Beosztás!$A$42:$S$347,14,) -> nem | I12: =VLOOKUP($A12,Beosztás!$A$42:$S$347,15,) -> nem | J12: =IF(B12="igen",1,"0")+IF(C12="igen",1,"0")+IF(D12="igen",1,"0")+IF(E12="igen",1,"0")++IF(F12="igen",1,"0")++IF(G12="igen",1,"0")++IF(H12="igen",1,"0")++IF(I12="igen",1,"0") -> 1 | K12: =IF(J12>0,"igen","nem") -> igen | L12: =IF($K12="igen",Beosztás!T50,"") -> 0 | M12: =IF($K12="igen",Beosztás!U50,"") -> Levélírás | N12: =IF($K12="igen",Beosztás!V50,"") -> Levélírás | O12: =IF($K12="igen",Beosztás!W50,"") -> ÜSZI | P12: =IF($K12="igen",Beosztás!X50,"") -> ÜSZI | Q12: =IF($K12="igen",Beosztás!Y50,"") -> Levélírás | R12: =IF($K12="igen",Beosztás!Z50,"") -> 0 | S12: =IF($K12="igen",Beosztás!AA50,"") -> 0 | ... AP12: =IF($K12="igen",Beosztás!AX50,"") -> Levélírás
A13: =Beosztás!#REF! -> #REF! | B13: =VLOOKUP($A13,Beosztás!$A$42:$I$347,8,) -> #REF! | C13: =VLOOKUP($A13,Beosztás!$A$42:$Q$347,9,) -> #REF! | D13: =VLOOKUP($A13,Beosztás!$A$42:$Q$3501,10,) -> #REF! | E13: =VLOOKUP($A13,Beosztás!$A$42:$Q$347,11,) -> #REF! | F13: =VLOOKUP($A13,Beosztás!$A$42:$Q$347,16,) -> #REF! | G13: =VLOOKUP($A13,Beosztás!$A$42:$S$347,17,) -> #REF! | H13: =VLOOKUP($A13,Beosztás!$A$42:$S$347,14,) -> #REF! | I13: =VLOOKUP($A13,Beosztás!$A$42:$S$347,15,) -> #REF! | J13: =IF(B13="igen",1,"0")+IF(C13="igen",1,"0")+IF(D13="igen",1,"0")+IF(E13="igen",1,"0")++IF(F13="igen",1,"0")++IF(G13="igen",1,"0")++IF(H13="igen",1,"0")++IF(I13="igen",1,"0") -> #REF! | K13: =IF(J13>0,"igen","nem") -> #REF! | L13: =IF($K13="igen",Beosztás!#REF!,"") -> #REF! | M13: =IF($K13="igen",Beosztás!#REF!,"") -> #REF! | N13: =IF($K13="igen",Beosztás!#REF!,"") -> #REF! | O13: =IF($K13="igen",Beosztás!#REF!,"") -> #REF! | P13: =IF($K13="igen",Beosztás!#REF!,"") -> #REF! | Q13: =IF($K13="igen",Beosztás!#REF!,"") -> #REF! | R13: =IF($K13="igen",Beosztás!#REF!,"") -> #REF! | S13: =IF($K13="igen",Beosztás!#REF!,"") -> #REF! | ... AP13: =IF($K13="igen",Beosztás!#REF!,"") -> #REF!
A14: =Beosztás!A51 -> Gregor Katalin | B14: =VLOOKUP($A14,Beosztás!$A$42:$I$347,8,) -> igen | C14: =VLOOKUP($A14,Beosztás!$A$42:$Q$347,9,) -> nem | D14: =VLOOKUP($A14,Beosztás!$A$42:$Q$3501,10,) -> nem | E14: =VLOOKUP($A14,Beosztás!$A$42:$Q$347,11,) -> nem | F14: =VLOOKUP($A14,Beosztás!$A$42:$Q$347,16,) -> nem | G14: =VLOOKUP($A14,Beosztás!$A$42:$S$347,17,) -> 0 | H14: =VLOOKUP($A14,Beosztás!$A$42:$S$347,14,) -> nem | I14: =VLOOKUP($A14,Beosztás!$A$42:$S$347,15,) -> nem | J14: =IF(B14="igen",1,"0")+IF(C14="igen",1,"0")+IF(D14="igen",1,"0")+IF(E14="igen",1,"0")++IF(F14="igen",1,"0")++IF(G14="igen",1,"0")++IF(H14="igen",1,"0")++IF(I14="igen",1,"0") -> 1 | K14: =IF(J14>0,"igen","nem") -> igen | L14: =IF($K14="igen",Beosztás!T51,"") -> 0 | M14: =IF($K14="igen",Beosztás!U51,"") -> ÜSZI | N14: =IF($K14="igen",Beosztás!V51,"") -> ÜSZI | O14: =IF($K14="igen",Beosztás!W51,"") -> ÜSZI | P14: =IF($K14="igen",Beosztás!X51,"") -> ÜSZI | Q14: =IF($K14="igen",Beosztás!Y51,"") -> ÜSZI | R14: =IF($K14="igen",Beosztás!Z51,"") -> 0 | S14: =IF($K14="igen",Beosztás!AA51,"") -> 0 | ... AP14: =IF($K14="igen",Beosztás!AX51,"") -> ÜSZI
A15: =Beosztás!A52 -> Mitjans Mónika | B15: =VLOOKUP($A15,Beosztás!$A$42:$I$347,8,) -> igen | C15: =VLOOKUP($A15,Beosztás!$A$42:$Q$347,9,) -> nem | D15: =VLOOKUP($A15,Beosztás!$A$42:$Q$3501,10,) -> nem | E15: =VLOOKUP($A15,Beosztás!$A$42:$Q$347,11,) -> nem | F15: =VLOOKUP($A15,Beosztás!$A$42:$Q$347,16,) -> nem | G15: =VLOOKUP($A15,Beosztás!$A$42:$S$347,17,) -> 0 | H15: =VLOOKUP($A15,Beosztás!$A$42:$S$347,14,) -> nem | I15: =VLOOKUP($A15,Beosztás!$A$42:$S$347,15,) -> nem | J15: =IF(B15="igen",1,"0")+IF(C15="igen",1,"0")+IF(D15="igen",1,"0")+IF(E15="igen",1,"0")++IF(F15="igen",1,"0")++IF(G15="igen",1,"0")++IF(H15="igen",1,"0")++IF(I15="igen",1,"0") -> 1 | K15: =IF(J15>0,"igen","nem") -> igen | L15: =IF($K15="igen",Beosztás!T52,"") -> 0 | M15: =IF($K15="igen",Beosztás!U52,"") -> B | N15: =IF($K15="igen",Beosztás!V52,"") -> B | O15: =IF($K15="igen",Beosztás!W52,"") -> B | P15: =IF($K15="igen",Beosztás!X52,"") -> B | Q15: =IF($K15="igen",Beosztás!Y52,"") -> B | R15: =IF($K15="igen",Beosztás!Z52,"") -> 0 | S15: =IF($K15="igen",Beosztás!AA52,"") -> 0 | ... AP15: =IF($K15="igen",Beosztás!AX52,"") -> B
A16: =Beosztás!A53 -> Németh-Szeghő Melinda | B16: =VLOOKUP($A16,Beosztás!$A$42:$I$347,8,) -> igen | C16: =VLOOKUP($A16,Beosztás!$A$42:$Q$347,9,) -> igen | D16: =VLOOKUP($A16,Beosztás!$A$42:$Q$3501,10,) -> nem | E16: =VLOOKUP($A16,Beosztás!$A$42:$Q$347,11,) -> nem | F16: =VLOOKUP($A16,Beosztás!$A$42:$Q$347,16,) -> nem | G16: =VLOOKUP($A16,Beosztás!$A$42:$S$347,17,) -> 0 | H16: =VLOOKUP($A16,Beosztás!$A$42:$S$347,14,) -> nem | I16: =VLOOKUP($A16,Beosztás!$A$42:$S$347,15,) -> nem | J16: =IF(B16="igen",1,"0")+IF(C16="igen",1,"0")+IF(D16="igen",1,"0")+IF(E16="igen",1,"0")++IF(F16="igen",1,"0")++IF(G16="igen",1,"0")++IF(H16="igen",1,"0")++IF(I16="igen",1,"0") -> 2 | K16: =IF(J16>0,"igen","nem") -> igen | L16: =IF($K16="igen",Beosztás!T53,"") -> 0 | M16: =IF($K16="igen",Beosztás!U53,"") -> ÜSZI | N16: =IF($K16="igen",Beosztás!V53,"") -> ÜSZI | O16: =IF($K16="igen",Beosztás!W53,"") -> ÜSZI | P16: =IF($K16="igen",Beosztás!X53,"") -> ÜSZI | Q16: =IF($K16="igen",Beosztás!Y53,"") -> ÜSZI | R16: =IF($K16="igen",Beosztás!Z53,"") -> 0 | S16: =IF($K16="igen",Beosztás!AA53,"") -> 0 | ... AP16: =IF($K16="igen",Beosztás!AX53,"") -> B
A17: =Beosztás!A54 -> Szijártó Szintia | B17: =VLOOKUP($A17,Beosztás!$A$42:$I$347,8,) -> igen | C17: =VLOOKUP($A17,Beosztás!$A$42:$Q$347,9,) -> igen | D17: =VLOOKUP($A17,Beosztás!$A$42:$Q$3501,10,) -> nem | E17: =VLOOKUP($A17,Beosztás!$A$42:$Q$347,11,) -> nem | F17: =VLOOKUP($A17,Beosztás!$A$42:$Q$347,16,) -> nem | G17: =VLOOKUP($A17,Beosztás!$A$42:$S$347,17,) -> 0 | H17: =VLOOKUP($A17,Beosztás!$A$42:$S$347,14,) -> nem | I17: =VLOOKUP($A17,Beosztás!$A$42:$S$347,15,) -> nem | J17: =IF(B17="igen",1,"0")+IF(C17="igen",1,"0")+IF(D17="igen",1,"0")+IF(E17="igen",1,"0")++IF(F17="igen",1,"0")++IF(G17="igen",1,"0")++IF(H17="igen",1,"0")++IF(I17="igen",1,"0") -> 2 | K17: =IF(J17>0,"igen","nem") -> igen | L17: =IF($K17="igen",Beosztás!T54,"") -> 0 | M17: =IF($K17="igen",Beosztás!U54,"") -> SZ | N17: =IF($K17="igen",Beosztás!V54,"") -> ÜSZI | O17: =IF($K17="igen",Beosztás!W54,"") -> ÜSZI | P17: =IF($K17="igen",Beosztás!X54,"") -> ÜSZI | Q17: =IF($K17="igen",Beosztás!Y54,"") -> ÜSZI | R17: =IF($K17="igen",Beosztás!Z54,"") -> 0 | S17: =IF($K17="igen",Beosztás!AA54,"") -> 0 | ... AP17: =IF($K17="igen",Beosztás!AX54,"") -> ÜSZI
A18: =Beosztás!#REF! -> #REF! | B18: =VLOOKUP($A18,Beosztás!$A$42:$I$347,8,) -> #REF! | C18: =VLOOKUP($A18,Beosztás!$A$42:$Q$347,9,) -> #REF! | D18: =VLOOKUP($A18,Beosztás!$A$42:$Q$3501,10,) -> #REF! | E18: =VLOOKUP($A18,Beosztás!$A$42:$Q$347,11,) -> #REF! | F18: =VLOOKUP($A18,Beosztás!$A$42:$Q$347,16,) -> #REF! | G18: =VLOOKUP($A18,Beosztás!$A$42:$S$347,17,) -> #REF! | H18: =VLOOKUP($A18,Beosztás!$A$42:$S$347,14,) -> #REF! | I18: =VLOOKUP($A18,Beosztás!$A$42:$S$347,15,) -> #REF! | J18: =IF(B18="igen",1,"0")+IF(C18="igen",1,"0")+IF(D18="igen",1,"0")+IF(E18="igen",1,"0")++IF(F18="igen",1,"0")++IF(G18="igen",1,"0")++IF(H18="igen",1,"0")++IF(I18="igen",1,"0") -> #REF! | K18: =IF(J18>0,"igen","nem") -> #REF! | L18: =IF($K18="igen",Beosztás!T55,"") -> #REF! | M18: =IF($K18="igen",Beosztás!U55,"") -> #REF! | N18: =IF($K18="igen",Beosztás!V55,"") -> #REF! | O18: =IF($K18="igen",Beosztás!W55,"") -> #REF! | P18: =IF($K18="igen",Beosztás!X55,"") -> #REF! | Q18: =IF($K18="igen",Beosztás!Y55,"") -> #REF! | R18: =IF($K18="igen",Beosztás!Z55,"") -> #REF! | S18: =IF($K18="igen",Beosztás!AA55,"") -> #REF! | ... AP18: =IF($K18="igen",Beosztás!AX55,"") -> #REF!
A19: =Beosztás!A55 -> Ferenczik Szilvia | B19: =VLOOKUP($A19,Beosztás!$A$42:$I$347,8,) -> igen | C19: =VLOOKUP($A19,Beosztás!$A$42:$Q$347,9,) -> igen | D19: =VLOOKUP($A19,Beosztás!$A$42:$Q$3501,10,) -> nem | E19: =VLOOKUP($A19,Beosztás!$A$42:$Q$347,11,) -> nem | F19: =VLOOKUP($A19,Beosztás!$A$42:$Q$347,16,) -> nem | G19: =VLOOKUP($A19,Beosztás!$A$42:$S$347,17,) -> 0 | H19: =VLOOKUP($A19,Beosztás!$A$42:$S$347,14,) -> nem | I19: =VLOOKUP($A19,Beosztás!$A$42:$S$347,15,) -> nem | J19: =IF(B19="igen",1,"0")+IF(C19="igen",1,"0")+IF(D19="igen",1,"0")+IF(E19="igen",1,"0")++IF(F19="igen",1,"0")++IF(G19="igen",1,"0")++IF(H19="igen",1,"0")++IF(I19="igen",1,"0") -> 2 | K19: =IF(J19>0,"igen","nem") -> igen | L19: =IF($K19="igen",Beosztás!T55,"") -> 0 | M19: =IF($K19="igen",Beosztás!U55,"") -> B | N19: =IF($K19="igen",Beosztás!V55,"") -> B | O19: =IF($K19="igen",Beosztás!W55,"") -> B | P19: =IF($K19="igen",Beosztás!X55,"") -> B | Q19: =IF($K19="igen",Beosztás!Y55,"") -> B | R19: =IF($K19="igen",Beosztás!Z55,"") -> 0 | S19: =IF($K19="igen",Beosztás!AA55,"") -> 0 | ... AP19: =IF($K19="igen",Beosztás!AX55,"") -> ÜSZI
A20: =Beosztás!A56 -> Polányi Viktória | B20: =VLOOKUP($A20,Beosztás!$A$42:$I$347,8,) -> igen | C20: =VLOOKUP($A20,Beosztás!$A$42:$Q$347,9,) -> igen | D20: =VLOOKUP($A20,Beosztás!$A$42:$Q$3501,10,) -> nem | E20: =VLOOKUP($A20,Beosztás!$A$42:$Q$347,11,) -> nem | F20: =VLOOKUP($A20,Beosztás!$A$42:$Q$347,16,) -> nem | G20: =VLOOKUP($A20,Beosztás!$A$42:$S$347,17,) -> 0 | H20: =VLOOKUP($A20,Beosztás!$A$42:$S$347,14,) -> nem | I20: =VLOOKUP($A20,Beosztás!$A$42:$S$347,15,) -> nem | J20: =IF(B20="igen",1,"0")+IF(C20="igen",1,"0")+IF(D20="igen",1,"0")+IF(E20="igen",1,"0")++IF(F20="igen",1,"0")++IF(G20="igen",1,"0")++IF(H20="igen",1,"0")++IF(I20="igen",1,"0") -> 2 | K20: =IF(J20>0,"igen","nem") -> igen | L20: =IF($K20="igen",Beosztás!T56,"") -> 0 | M20: =IF($K20="igen",Beosztás!U56,"") -> ÜSZI | N20: =IF($K20="igen",Beosztás!V56,"") -> ÜSZI | O20: =IF($K20="igen",Beosztás!W56,"") -> ÜSZI | P20: =IF($K20="igen",Beosztás!X56,"") -> ÜSZI | Q20: =IF($K20="igen",Beosztás!Y56,"") -> ÜSZI | R20: =IF($K20="igen",Beosztás!Z56,"") -> 0 | S20: =IF($K20="igen",Beosztás!AA56,"") -> 0 | ... AP20: =IF($K20="igen",Beosztás!AX56,"") -> ÜSZI
A21: =Beosztás!A57 -> Szabó Zsuzsanna | B21: =VLOOKUP($A21,Beosztás!$A$42:$I$347,8,) -> igen | C21: =VLOOKUP($A21,Beosztás!$A$42:$Q$347,9,) -> igen | D21: =VLOOKUP($A21,Beosztás!$A$42:$Q$3501,10,) -> nem | E21: =VLOOKUP($A21,Beosztás!$A$42:$Q$347,11,) -> nem | F21: =VLOOKUP($A21,Beosztás!$A$42:$Q$347,16,) -> nem | G21: =VLOOKUP($A21,Beosztás!$A$42:$S$347,17,) -> 0 | H21: =VLOOKUP($A21,Beosztás!$A$42:$S$347,14,) -> nem | I21: =VLOOKUP($A21,Beosztás!$A$42:$S$347,15,) -> nem | J21: =IF(B21="igen",1,"0")+IF(C21="igen",1,"0")+IF(D21="igen",1,"0")+IF(E21="igen",1,"0")++IF(F21="igen",1,"0")++IF(G21="igen",1,"0")++IF(H21="igen",1,"0")++IF(I21="igen",1,"0") -> 2 | K21: =IF(J21>0,"igen","nem") -> igen | L21: =IF($K21="igen",Beosztás!T57,"") -> 0 | M21: =IF($K21="igen",Beosztás!U57,"") -> ÜSZI | N21: =IF($K21="igen",Beosztás!V57,"") -> ÜSZI | O21: =IF($K21="igen",Beosztás!W57,"") -> ÜSZI | P21: =IF($K21="igen",Beosztás!X57,"") -> ÜSZI | Q21: =IF($K21="igen",Beosztás!Y57,"") -> ÜSZI | R21: =IF($K21="igen",Beosztás!Z57,"") -> 0 | S21: =IF($K21="igen",Beosztás!AA57,"") -> 0 | ... AP21: =IF($K21="igen",Beosztás!AX57,"") -> ÜSZI
A22: =Beosztás!#REF! -> #REF! | B22: =VLOOKUP($A22,Beosztás!$A$42:$I$347,8,) -> #REF! | C22: =VLOOKUP($A22,Beosztás!$A$42:$Q$347,9,) -> #REF! | D22: =VLOOKUP($A22,Beosztás!$A$42:$Q$3501,10,) -> #REF! | E22: =VLOOKUP($A22,Beosztás!$A$42:$Q$347,11,) -> #REF! | F22: =VLOOKUP($A22,Beosztás!$A$42:$Q$347,16,) -> #REF! | G22: =VLOOKUP($A22,Beosztás!$A$42:$S$347,17,) -> #REF! | H22: =VLOOKUP($A22,Beosztás!$A$42:$S$347,14,) -> #REF! | I22: =VLOOKUP($A22,Beosztás!$A$42:$S$347,15,) -> #REF! | J22: =IF(B22="igen",1,"0")+IF(C22="igen",1,"0")+IF(D22="igen",1,"0")+IF(E22="igen",1,"0")++IF(F22="igen",1,"0")++IF(G22="igen",1,"0")++IF(H22="igen",1,"0")++IF(I22="igen",1,"0") -> #REF! | K22: =IF(J22>0,"igen","nem") -> #REF! | L22: =IF($K22="igen",Beosztás!#REF!,"") -> #REF! | M22: =IF($K22="igen",Beosztás!#REF!,"") -> #REF! | N22: =IF($K22="igen",Beosztás!#REF!,"") -> #REF! | O22: =IF($K22="igen",Beosztás!#REF!,"") -> #REF! | P22: =IF($K22="igen",Beosztás!#REF!,"") -> #REF! | Q22: =IF($K22="igen",Beosztás!#REF!,"") -> #REF! | R22: =IF($K22="igen",Beosztás!#REF!,"") -> #REF! | S22: =IF($K22="igen",Beosztás!#REF!,"") -> #REF! | ... AP22: =IF($K22="igen",Beosztás!#REF!,"") -> #REF!
A23: =Beosztás!A58 -> 0 | B23: =VLOOKUP($A23,Beosztás!$A$42:$I$345,8,) -> 0 | C23: =VLOOKUP($A23,Beosztás!$A$42:$Q$345,9,) -> 0 | D23: =VLOOKUP($A23,Beosztás!$A$42:$Q$345,10,) -> 0 | E23: =VLOOKUP($A23,Beosztás!$A$42:$Q$345,11,) -> 0 | F23: =VLOOKUP($A23,Beosztás!$A$42:$Q$345,16,) -> 0 | G23: =VLOOKUP($A23,Beosztás!$A$42:$S$345,17,) -> 0 | H23: =VLOOKUP($A23,Beosztás!$A$42:$S$345,14,) -> 0 | I23: =VLOOKUP($A23,Beosztás!$A$42:$S$345,15,) -> 0 | J23: =IF(B23="igen",1,"0")+IF(C23="igen",1,"0")+IF(D23="igen",1,"0")+IF(E23="igen",1,"0")++IF(F23="igen",1,"0")++IF(G23="igen",1,"0")++IF(H23="igen",1,"0")++IF(I23="igen",1,"0") -> 0 | K23: =IF(J23>0,"igen","nem") -> nem | L23: =IF($K23="igen",Beosztás!T58,"") | M23: =IF($K23="igen",Beosztás!U58,"") | N23: =IF($K23="igen",Beosztás!V58,"") | O23: =IF($K23="igen",Beosztás!W58,"") | P23: =IF($K23="igen",Beosztás!X58,"") | Q23: =IF($K23="igen",Beosztás!Y58,"") | R23: =IF($K23="igen",Beosztás!Z58,"") | S23: =IF($K23="igen",Beosztás!AA58,"") | ... AP23: =IF($K23="igen",Beosztás!AX58,"")
A24: =Beosztás!A59 -> 0 | B24: =VLOOKUP($A24,Beosztás!$A$42:$I$345,8,) -> 0 | C24: =VLOOKUP($A24,Beosztás!$A$42:$Q$345,9,) -> 0 | D24: =VLOOKUP($A24,Beosztás!$A$42:$Q$345,10,) -> 0 | E24: =VLOOKUP($A24,Beosztás!$A$42:$Q$345,11,) -> 0 | F24: =VLOOKUP($A24,Beosztás!$A$42:$Q$345,16,) -> 0 | G24: =VLOOKUP($A24,Beosztás!$A$42:$S$345,17,) -> 0 | H24: =VLOOKUP($A24,Beosztás!$A$42:$S$345,14,) -> 0 | I24: =VLOOKUP($A24,Beosztás!$A$42:$S$345,15,) -> 0 | J24: =IF(B24="igen",1,"0")+IF(C24="igen",1,"0")+IF(D24="igen",1,"0")+IF(E24="igen",1,"0")++IF(F24="igen",1,"0")++IF(G24="igen",1,"0")++IF(H24="igen",1,"0")++IF(I24="igen",1,"0") -> 0 | K24: =IF(J24>0,"igen","nem") -> nem | L24: =IF($K24="igen",Beosztás!T59,"") | M24: =IF($K24="igen",Beosztás!U59,"") | N24: =IF($K24="igen",Beosztás!V59,"") | O24: =IF($K24="igen",Beosztás!W59,"") | P24: =IF($K24="igen",Beosztás!X59,"") | Q24: =IF($K24="igen",Beosztás!Y59,"") | R24: =IF($K24="igen",Beosztás!Z59,"") | S24: =IF($K24="igen",Beosztás!AA59,"") | ... AP24: =IF($K24="igen",Beosztás!AX59,"")
A25: =Beosztás!A60 -> 0 | B25: =VLOOKUP($A25,Beosztás!$A$42:$I$345,8,) -> 0 | C25: =VLOOKUP($A25,Beosztás!$A$42:$Q$345,9,) -> 0 | D25: =VLOOKUP($A25,Beosztás!$A$42:$Q$345,10,) -> 0 | E25: =VLOOKUP($A25,Beosztás!$A$42:$Q$345,11,) -> 0 | F25: =VLOOKUP($A25,Beosztás!$A$42:$Q$345,16,) -> 0 | G25: =VLOOKUP($A25,Beosztás!$A$42:$S$345,17,) -> 0 | H25: =VLOOKUP($A25,Beosztás!$A$42:$S$345,14,) -> 0 | I25: =VLOOKUP($A25,Beosztás!$A$42:$S$345,15,) -> 0 | J25: =IF(B25="igen",1,"0")+IF(C25="igen",1,"0")+IF(D25="igen",1,"0")+IF(E25="igen",1,"0")++IF(F25="igen",1,"0")++IF(G25="igen",1,"0")++IF(H25="igen",1,"0")++IF(I25="igen",1,"0") -> 0 | K25: =IF(J25>0,"igen","nem") -> nem | L25: =IF($K25="igen",Beosztás!T60,"") | M25: =IF($K25="igen",Beosztás!U60,"") | N25: =IF($K25="igen",Beosztás!V60,"") | O25: =IF($K25="igen",Beosztás!W60,"") | P25: =IF($K25="igen",Beosztás!X60,"") | Q25: =IF($K25="igen",Beosztás!Y60,"") | R25: =IF($K25="igen",Beosztás!Z60,"") | S25: =IF($K25="igen",Beosztás!AA60,"") | ... AP25: =IF($K25="igen",Beosztás!AX60,"")
A26: =Beosztás!A61 -> 0 | B26: =VLOOKUP($A26,Beosztás!$A$42:$I$345,8,) -> 0 | C26: =VLOOKUP($A26,Beosztás!$A$42:$Q$345,9,) -> 0 | D26: =VLOOKUP($A26,Beosztás!$A$42:$Q$345,10,) -> 0 | E26: =VLOOKUP($A26,Beosztás!$A$42:$Q$345,11,) -> 0 | F26: =VLOOKUP($A26,Beosztás!$A$42:$Q$345,16,) -> 0 | G26: =VLOOKUP($A26,Beosztás!$A$42:$S$345,17,) -> 0 | H26: =VLOOKUP($A26,Beosztás!$A$42:$S$345,14,) -> 0 | I26: =VLOOKUP($A26,Beosztás!$A$42:$S$345,15,) -> 0 | J26: =IF(B26="igen",1,"0")+IF(C26="igen",1,"0")+IF(D26="igen",1,"0")+IF(E26="igen",1,"0")++IF(F26="igen",1,"0")++IF(G26="igen",1,"0")++IF(H26="igen",1,"0")++IF(I26="igen",1,"0") -> 0 | K26: =IF(J26>0,"igen","nem") -> nem | L26: =IF($K26="igen",Beosztás!T61,"") | M26: =IF($K26="igen",Beosztás!U61,"") | N26: =IF($K26="igen",Beosztás!V61,"") | O26: =IF($K26="igen",Beosztás!W61,"") | P26: =IF($K26="igen",Beosztás!X61,"") | Q26: =IF($K26="igen",Beosztás!Y61,"") | R26: =IF($K26="igen",Beosztás!Z61,"") | S26: =IF($K26="igen",Beosztás!AA61,"") | ... AP26: =IF($K26="igen",Beosztás!AX61,"")
A27: =Beosztás!A62 -> 0 | B27: =VLOOKUP($A27,Beosztás!$A$42:$I$345,8,) -> 0 | C27: =VLOOKUP($A27,Beosztás!$A$42:$Q$345,9,) -> 0 | D27: =VLOOKUP($A27,Beosztás!$A$42:$Q$345,10,) -> 0 | E27: =VLOOKUP($A27,Beosztás!$A$42:$Q$345,11,) -> 0 | F27: =VLOOKUP($A27,Beosztás!$A$42:$Q$345,16,) -> 0 | G27: =VLOOKUP($A27,Beosztás!$A$42:$S$345,17,) -> 0 | H27: =VLOOKUP($A27,Beosztás!$A$42:$S$345,14,) -> 0 | I27: =VLOOKUP($A27,Beosztás!$A$42:$S$345,15,) -> 0 | J27: =IF(B27="igen",1,"0")+IF(C27="igen",1,"0")+IF(D27="igen",1,"0")+IF(E27="igen",1,"0")++IF(F27="igen",1,"0")++IF(G27="igen",1,"0")++IF(H27="igen",1,"0")++IF(I27="igen",1,"0") -> 0 | K27: =IF(J27>0,"igen","nem") -> nem | L27: =IF($K27="igen",Beosztás!T62,"") | M27: =IF($K27="igen",Beosztás!U62,"") | N27: =IF($K27="igen",Beosztás!V62,"") | O27: =IF($K27="igen",Beosztás!W62,"") | P27: =IF($K27="igen",Beosztás!X62,"") | Q27: =IF($K27="igen",Beosztás!Y62,"") | R27: =IF($K27="igen",Beosztás!Z62,"") | S27: =IF($K27="igen",Beosztás!AA62,"") | ... AP27: =IF($K27="igen",Beosztás!AX62,"")
A28: =Beosztás!A63 -> 0 | B28: =VLOOKUP($A28,Beosztás!$A$42:$I$345,8,) -> 0 | C28: =VLOOKUP($A28,Beosztás!$A$42:$Q$345,9,) -> 0 | D28: =VLOOKUP($A28,Beosztás!$A$42:$Q$345,10,) -> 0 | E28: =VLOOKUP($A28,Beosztás!$A$42:$Q$345,11,) -> 0 | F28: =VLOOKUP($A28,Beosztás!$A$42:$Q$345,16,) -> 0 | G28: =VLOOKUP($A28,Beosztás!$A$42:$S$345,17,) -> 0 | H28: =VLOOKUP($A28,Beosztás!$A$42:$S$345,14,) -> 0 | I28: =VLOOKUP($A28,Beosztás!$A$42:$S$345,15,) -> 0 | J28: =IF(B28="igen",1,"0")+IF(C28="igen",1,"0")+IF(D28="igen",1,"0")+IF(E28="igen",1,"0")++IF(F28="igen",1,"0")++IF(G28="igen",1,"0")++IF(H28="igen",1,"0")++IF(I28="igen",1,"0") -> 0 | K28: =IF(J28>0,"igen","nem") -> nem | L28: =IF($K28="igen",Beosztás!T63,"") | M28: =IF($K28="igen",Beosztás!U63,"") | N28: =IF($K28="igen",Beosztás!V63,"") | O28: =IF($K28="igen",Beosztás!W63,"") | P28: =IF($K28="igen",Beosztás!X63,"") | Q28: =IF($K28="igen",Beosztás!Y63,"") | R28: =IF($K28="igen",Beosztás!Z63,"") | S28: =IF($K28="igen",Beosztás!AA63,"") | ... AP28: =IF($K28="igen",Beosztás!AX63,"")
A29: =Beosztás!A64 -> 0 | B29: =VLOOKUP($A29,Beosztás!$A$42:$I$345,8,) -> 0 | C29: =VLOOKUP($A29,Beosztás!$A$42:$Q$345,9,) -> 0 | D29: =VLOOKUP($A29,Beosztás!$A$42:$Q$345,10,) -> 0 | E29: =VLOOKUP($A29,Beosztás!$A$42:$Q$345,11,) -> 0 | F29: =VLOOKUP($A29,Beosztás!$A$42:$Q$345,16,) -> 0 | G29: =VLOOKUP($A29,Beosztás!$A$42:$S$345,17,) -> 0 | H29: =VLOOKUP($A29,Beosztás!$A$42:$S$345,14,) -> 0 | I29: =VLOOKUP($A29,Beosztás!$A$42:$S$345,15,) -> 0 | J29: =IF(B29="igen",1,"0")+IF(C29="igen",1,"0")+IF(D29="igen",1,"0")+IF(E29="igen",1,"0")++IF(F29="igen",1,"0")++IF(G29="igen",1,"0")++IF(H29="igen",1,"0")++IF(I29="igen",1,"0") -> 0 | K29: =IF(J29>0,"igen","nem") -> nem | L29: =IF($K29="igen",Beosztás!T64,"") | M29: =IF($K29="igen",Beosztás!U64,"") | N29: =IF($K29="igen",Beosztás!V64,"") | O29: =IF($K29="igen",Beosztás!W64,"") | P29: =IF($K29="igen",Beosztás!X64,"") | Q29: =IF($K29="igen",Beosztás!Y64,"") | R29: =IF($K29="igen",Beosztás!Z64,"") | S29: =IF($K29="igen",Beosztás!AA64,"") | ... AP29: =IF($K29="igen",Beosztás!AX64,"")
A30: =Beosztás!A65 -> 0 | B30: =VLOOKUP($A30,Beosztás!$A$42:$I$345,8,) -> 0 | C30: =VLOOKUP($A30,Beosztás!$A$42:$Q$345,9,) -> 0 | D30: =VLOOKUP($A30,Beosztás!$A$42:$Q$345,10,) -> 0 | E30: =VLOOKUP($A30,Beosztás!$A$42:$Q$345,11,) -> 0 | F30: =VLOOKUP($A30,Beosztás!$A$42:$Q$345,16,) -> 0 | G30: =VLOOKUP($A30,Beosztás!$A$42:$S$345,17,) -> 0 | H30: =VLOOKUP($A30,Beosztás!$A$42:$S$345,14,) -> 0 | I30: =VLOOKUP($A30,Beosztás!$A$42:$S$345,15,) -> 0 | J30: =IF(B30="igen",1,"0")+IF(C30="igen",1,"0")+IF(D30="igen",1,"0")+IF(E30="igen",1,"0")++IF(F30="igen",1,"0")++IF(G30="igen",1,"0")++IF(H30="igen",1,"0")++IF(I30="igen",1,"0") -> 0 | K30: =IF(J30>0,"igen","nem") -> nem | L30: =IF($K30="igen",Beosztás!T65,"") | M30: =IF($K30="igen",Beosztás!U65,"") | N30: =IF($K30="igen",Beosztás!V65,"") | O30: =IF($K30="igen",Beosztás!W65,"") | P30: =IF($K30="igen",Beosztás!X65,"") | Q30: =IF($K30="igen",Beosztás!Y65,"") | R30: =IF($K30="igen",Beosztás!Z65,"") | S30: =IF($K30="igen",Beosztás!AA65,"") | ... AP30: =IF($K30="igen",Beosztás!AX65,"")
A31: =Beosztás!A66 -> 0 | B31: =VLOOKUP($A31,Beosztás!$A$42:$I$345,8,) -> 0 | C31: =VLOOKUP($A31,Beosztás!$A$42:$Q$345,9,) -> 0 | D31: =VLOOKUP($A31,Beosztás!$A$42:$Q$345,10,) -> 0 | E31: =VLOOKUP($A31,Beosztás!$A$42:$Q$345,11,) -> 0 | F31: =VLOOKUP($A31,Beosztás!$A$42:$Q$345,16,) -> 0 | G31: =VLOOKUP($A31,Beosztás!$A$42:$S$345,17,) -> 0 | H31: =VLOOKUP($A31,Beosztás!$A$42:$S$345,14,) -> 0 | I31: =VLOOKUP($A31,Beosztás!$A$42:$S$345,15,) -> 0 | J31: =IF(B31="igen",1,"0")+IF(C31="igen",1,"0")+IF(D31="igen",1,"0")+IF(E31="igen",1,"0")++IF(F31="igen",1,"0")++IF(G31="igen",1,"0")++IF(H31="igen",1,"0")++IF(I31="igen",1,"0") -> 0 | K31: =IF(J31>0,"igen","nem") -> nem | L31: =IF($K31="igen",Beosztás!T66,"") | M31: =IF($K31="igen",Beosztás!U66,"") | N31: =IF($K31="igen",Beosztás!V66,"") | O31: =IF($K31="igen",Beosztás!W66,"") | P31: =IF($K31="igen",Beosztás!X66,"") | Q31: =IF($K31="igen",Beosztás!Y66,"") | R31: =IF($K31="igen",Beosztás!Z66,"") | S31: =IF($K31="igen",Beosztás!AA66,"") | ... AP31: =IF($K31="igen",Beosztás!AX66,"")
A32: =Beosztás!A67 -> 0 | B32: =VLOOKUP($A32,Beosztás!$A$42:$I$345,8,) -> 0 | C32: =VLOOKUP($A32,Beosztás!$A$42:$Q$345,9,) -> 0 | D32: =VLOOKUP($A32,Beosztás!$A$42:$Q$345,10,) -> 0 | E32: =VLOOKUP($A32,Beosztás!$A$42:$Q$345,11,) -> 0 | F32: =VLOOKUP($A32,Beosztás!$A$42:$Q$345,16,) -> 0 | G32: =VLOOKUP($A32,Beosztás!$A$42:$S$345,17,) -> 0 | H32: =VLOOKUP($A32,Beosztás!$A$42:$S$345,14,) -> 0 | I32: =VLOOKUP($A32,Beosztás!$A$42:$S$345,15,) -> 0 | J32: =IF(B32="igen",1,"0")+IF(C32="igen",1,"0")+IF(D32="igen",1,"0")+IF(E32="igen",1,"0")++IF(F32="igen",1,"0")++IF(G32="igen",1,"0")++IF(H32="igen",1,"0")++IF(I32="igen",1,"0") -> 0 | K32: =IF(J32>0,"igen","nem") -> nem | L32: =IF($K32="igen",Beosztás!T67,"") | M32: =IF($K32="igen",Beosztás!U67,"") | N32: =IF($K32="igen",Beosztás!V67,"") | O32: =IF($K32="igen",Beosztás!W67,"") | P32: =IF($K32="igen",Beosztás!X67,"") | Q32: =IF($K32="igen",Beosztás!Y67,"") | R32: =IF($K32="igen",Beosztás!Z67,"") | S32: =IF($K32="igen",Beosztás!AA67,"") | ... AP32: =IF($K32="igen",Beosztás!AX67,"")
A33: =Beosztás!A68 -> 0 | B33: =VLOOKUP($A33,Beosztás!$A$42:$I$345,8,) -> 0 | C33: =VLOOKUP($A33,Beosztás!$A$42:$Q$345,9,) -> 0 | D33: =VLOOKUP($A33,Beosztás!$A$42:$Q$345,10,) -> 0 | E33: =VLOOKUP($A33,Beosztás!$A$42:$Q$345,11,) -> 0 | F33: =VLOOKUP($A33,Beosztás!$A$42:$Q$345,16,) -> 0 | G33: =VLOOKUP($A33,Beosztás!$A$42:$S$345,17,) -> 0 | H33: =VLOOKUP($A33,Beosztás!$A$42:$S$345,14,) -> 0 | I33: =VLOOKUP($A33,Beosztás!$A$42:$S$345,15,) -> 0 | J33: =IF(B33="igen",1,"0")+IF(C33="igen",1,"0")+IF(D33="igen",1,"0")+IF(E33="igen",1,"0")++IF(F33="igen",1,"0")++IF(G33="igen",1,"0")++IF(H33="igen",1,"0")++IF(I33="igen",1,"0") -> 0 | K33: =IF(J33>0,"igen","nem") -> nem | L33: =IF($K33="igen",Beosztás!T68,"") | M33: =IF($K33="igen",Beosztás!U68,"") | N33: =IF($K33="igen",Beosztás!V68,"") | O33: =IF($K33="igen",Beosztás!W68,"") | P33: =IF($K33="igen",Beosztás!X68,"") | Q33: =IF($K33="igen",Beosztás!Y68,"") | R33: =IF($K33="igen",Beosztás!Z68,"") | S33: =IF($K33="igen",Beosztás!AA68,"") | ... AP33: =IF($K33="igen",Beosztás!AX68,"")
A34: =Beosztás!A69 -> 0 | B34: =VLOOKUP($A34,Beosztás!$A$42:$I$345,8,) -> 0 | C34: =VLOOKUP($A34,Beosztás!$A$42:$Q$345,9,) -> 0 | D34: =VLOOKUP($A34,Beosztás!$A$42:$Q$345,10,) -> 0 | E34: =VLOOKUP($A34,Beosztás!$A$42:$Q$345,11,) -> 0 | F34: =VLOOKUP($A34,Beosztás!$A$42:$Q$345,16,) -> 0 | G34: =VLOOKUP($A34,Beosztás!$A$42:$S$345,17,) -> 0 | H34: =VLOOKUP($A34,Beosztás!$A$42:$S$345,14,) -> 0 | I34: =VLOOKUP($A34,Beosztás!$A$42:$S$345,15,) -> 0 | J34: =IF(B34="igen",1,"0")+IF(C34="igen",1,"0")+IF(D34="igen",1,"0")+IF(E34="igen",1,"0")++IF(F34="igen",1,"0")++IF(G34="igen",1,"0")++IF(H34="igen",1,"0")++IF(I34="igen",1,"0") -> 0 | K34: =IF(J34>0,"igen","nem") -> nem | L34: =IF($K34="igen",Beosztás!T69,"") | M34: =IF($K34="igen",Beosztás!U69,"") | N34: =IF($K34="igen",Beosztás!V69,"") | O34: =IF($K34="igen",Beosztás!W69,"") | P34: =IF($K34="igen",Beosztás!X69,"") | Q34: =IF($K34="igen",Beosztás!Y69,"") | R34: =IF($K34="igen",Beosztás!Z69,"") | S34: =IF($K34="igen",Beosztás!AA69,"") | ... AP34: =IF($K34="igen",Beosztás!AX69,"")
... A62: =Beosztás!A97 -> 0 | B62: =VLOOKUP($A62,Beosztás!$A$42:$I$345,8,) -> 0 | C62: =VLOOKUP($A62,Beosztás!$A$42:$Q$345,9,) -> 0 | D62: =VLOOKUP($A62,Beosztás!$A$42:$Q$345,10,) -> 0 | E62: =VLOOKUP($A62,Beosztás!$A$42:$Q$345,11,) -> 0 | F62: =VLOOKUP($A62,Beosztás!$A$42:$Q$345,16,) -> 0 | G62: =VLOOKUP($A62,Beosztás!$A$42:$S$345,17,) -> 0 | H62: =VLOOKUP($A62,Beosztás!$A$42:$S$345,14,) -> 0 | I62: =VLOOKUP($A62,Beosztás!$A$42:$S$345,15,) -> 0 | J62: =IF(B62="igen",1,"0")+IF(C62="igen",1,"0")+IF(D62="igen",1,"0")+IF(E62="igen",1,"0")++IF(F62="igen",1,"0")++IF(G62="igen",1,"0")++IF(H62="igen",1,"0")++IF(I62="igen",1,"0") -> 0 | K62: =IF(J62>0,"igen","nem") -> nem | L62: =IF($K62="igen",Beosztás!T97,"") | M62: =IF($K62="igen",Beosztás!U97,"") | N62: =IF($K62="igen",Beosztás!V97,"") | O62: =IF($K62="igen",Beosztás!W97,"") | P62: =IF($K62="igen",Beosztás!X97,"") | Q62: =IF($K62="igen",Beosztás!Y97,"") | R62: =IF($K62="igen",Beosztás!Z97,"") | S62: =IF($K62="igen",Beosztás!AA97,"") | ... AP62: =IF($K62="igen",Beosztás!AX97,"")
A63: =Beosztás!A98 -> Boros Viktor | B63: =VLOOKUP($A63,Beosztás!$A$42:$I$347,8,) -> igen | C63: =VLOOKUP($A63,Beosztás!$A$42:$Q$347,9,) -> igen | D63: =VLOOKUP($A63,Beosztás!$A$42:$Q$3501,10,) -> nem | E63: =VLOOKUP($A63,Beosztás!$A$42:$Q$347,11,) -> nem | F63: =VLOOKUP($A63,Beosztás!$A$42:$Q$347,16,) -> nem | G63: =VLOOKUP($A63,Beosztás!$A$42:$S$347,17,) -> 0 | H63: =VLOOKUP($A63,Beosztás!$A$42:$S$347,14,) -> igen | I63: =VLOOKUP($A63,Beosztás!$A$42:$S$347,15,) -> nem | J63: =IF(B63="igen",1,"0")+IF(C63="igen",1,"0")+IF(D63="igen",1,"0")+IF(E63="igen",1,"0")++IF(F63="igen",1,"0")++IF(G63="igen",1,"0")++IF(H63="igen",1,"0")++IF(I63="igen",1,"0") -> 3 | K63: =IF(J63>0,"igen","nem") -> igen | L63: =IF($K63="igen",Beosztás!T98,"") -> P | M63: =IF($K63="igen",Beosztás!U98,"") -> ÜSZI | N63: =IF($K63="igen",Beosztás!V98,"") -> ÜSZI | O63: =IF($K63="igen",Beosztás!W98,"") -> Levélírás | P63: =IF($K63="igen",Beosztás!X98,"") -> ÜSZI | Q63: =IF($K63="igen",Beosztás!Y98,"") -> ÜSZI | R63: =IF($K63="igen",Beosztás!Z98,"") -> P | S63: =IF($K63="igen",Beosztás!AA98,"") -> P | ... AP63: =IF($K63="igen",Beosztás!AX98,"") -> Levélírás
